ydCODE,ydID,Latitude,Longitude,Sample_end_latest,SS
HLJ黑龙江-DQ大庆-FC-P01-R01,HLJ-DQ-0001,46.6300 ,124.3683 ,2014-1-1,HLJ
HLJ黑龙江-DQ大庆-FC-P01-R02,HLJ-DQ-0002,46.6207 ,124.3814 ,2014-1-1,HLJ
HLJ黑龙江-DQ大庆-FC-P01-R03,HLJ-DQ-0003,46.5906 ,124.3832 ,2014-1-1,HLJ
HLJ黑龙江-DXAL大兴安岭-FC-P01-R01,HLJ-DX-0004,51.8949 ,123.0028 ,2014-1-1,HLJ
HLJ黑龙江-DXAL大兴安岭-FC-P01-R02,HLJ-DX-0005,51.8785 ,123.0021 ,2014-1-1,HLJ
HLJ黑龙江-DXAL大兴安岭-FC-P01-R03,HLJ-DX-0006,51.8565 ,122.9414 ,2014-1-1,HLJ
HLJ黑龙江-DXAL大兴安岭-FC-P02-R01,HLJ-DX-0007,52.3283 ,124.5901 ,2014-1-1,HLJ
HLJ黑龙江-DXAL大兴安岭-FC-P02-R02,HLJ-DX-0008,52.3275 ,124.5899 ,2014-1-1,HLJ
HLJ黑龙江-DXAL大兴安岭-FC-P02-R03,HLJ-DX-0009,52.3279 ,124.5925 ,2014-1-1,HLJ
HLJ黑龙江-DXAL大兴安岭-FC-P03-R01,HLJ-DX-0010,52.9569 ,122.7534 ,2014-1-1,HLJ
HLJ黑龙江-DXAL大兴安岭-FC-P03-R02,HLJ-DX-0011,52.9563 ,122.7529 ,2014-1-1,HLJ
HLJ黑龙江-DXAL大兴安岭-FC-P03-R03,HLJ-DX-0012,52.9586 ,122.7530 ,2014-1-1,HLJ
HLJ黑龙江-DXAL大兴安岭-FC-P04-R01,HLJ-DX-0013,52.8690 ,123.3287 ,2014-1-1,HLJ
HLJ黑龙江-DXAL大兴安岭-FC-P04-R02,HLJ-DX-0014,52.8697 ,123.3282 ,2014-1-1,HLJ
HLJ黑龙江-DXAL大兴安岭-FC-P04-R03,HLJ-DX-0015,52.8700 ,123.3291 ,2014-1-1,HLJ
HLJ黑龙江-DXAL大兴安岭-FC-P05-R01,HLJ-DX-0016,52.4167 ,125.4574 ,2014-1-1,HLJ
HLJ黑龙江-DXAL大兴安岭-FC-P05-R02,HLJ-DX-0017,52.4182 ,125.4569 ,2014-1-1,HLJ
HLJ黑龙江-DXAL大兴安岭-FC-P05-R03,HLJ-DX-0018,52.4173 ,125.4591 ,2014-1-1,HLJ
HLJ黑龙江-DXAL大兴安岭-FC-P06-R01,HLJ-DX-0019,51.9601 ,123.7050 ,2014-1-1,HLJ
HLJ黑龙江-DXAL大兴安岭-FC-P06-R02,HLJ-DX-0020,51.9595 ,123.7071 ,2014-1-1,HLJ
HLJ黑龙江-DXAL大兴安岭-FC-P06-R03,HLJ-DX-0021,51.9608 ,123.7037 ,2014-1-1,HLJ
HLJ黑龙江-DXAL大兴安岭-FC-P07-R01,HLJ-DX-0022,50.9270 ,125.0113 ,2014-1-1,HLJ
HLJ黑龙江-DXAL大兴安岭-FC-P07-R02,HLJ-DX-0023,50.9266 ,125.0147 ,2014-1-1,HLJ
HLJ黑龙江-DXAL大兴安岭-FC-P07-R03,HLJ-DX-0024,50.9267 ,125.0157 ,2014-1-1,HLJ
HLJ黑龙江-DXAL大兴安岭-FC-P08-R01,HLJ-DX-0025,52.8713 ,122.3132 ,2014-1-1,HLJ
HLJ黑龙江-DXAL大兴安岭-FC-P08-R02,HLJ-DX-0026,52.8719 ,122.3125 ,2014-1-1,HLJ
HLJ黑龙江-DXAL大兴安岭-FC-P08-R03,HLJ-DX-0027,52.8713 ,122.3111 ,2014-1-1,HLJ
HLJ黑龙江-DXAL大兴安岭-FC-P09-R01,HLJ-DX-0028,52.0879 ,125.8527 ,2014-1-1,HLJ
HLJ黑龙江-DXAL大兴安岭-FC-P09-R02,HLJ-DX-0029,52.0879 ,125.8537 ,2014-1-1,HLJ
HLJ黑龙江-DXAL大兴安岭-FC-P09-R03,HLJ-DX-0030,52.0885 ,125.8545 ,2014-1-1,HLJ
HLJ黑龙江-DXAL大兴安岭-FC-P10-R01,HLJ-DX-0031,50.5057 ,124.2456 ,2014-1-1,HLJ
HLJ黑龙江-DXAL大兴安岭-FC-P10-R02,HLJ-DX-0032,50.5065 ,124.2466 ,2014-1-1,HLJ
HLJ黑龙江-DXAL大兴安岭-FC-P10-R03,HLJ-DX-0033,50.5065 ,124.2449 ,2014-1-1,HLJ
HLJ黑龙江-HEB哈尔滨-FC-P01-R01,HLJ-HE-0034,46.2257 ,128.2999 ,2014-1-1,HLJ
HLJ黑龙江-HEB哈尔滨-FC-P01-R02,HLJ-HE-0035,46.2266 ,128.3013 ,2014-1-1,HLJ
HLJ黑龙江-HEB哈尔滨-FC-P01-R03,HLJ-HE-0036,46.2276 ,128.3003 ,2014-1-1,HLJ
HLJ黑龙江-HEB哈尔滨-FC-P02-R01,HLJ-HE-0037,44.4096 ,127.5772 ,2014-1-1,HLJ
HLJ黑龙江-HEB哈尔滨-FC-P02-R02,HLJ-HE-0038,44.4082 ,127.5765 ,2014-1-1,HLJ
HLJ黑龙江-HEB哈尔滨-FC-P02-R03,HLJ-HE-0039,44.4074 ,127.5763 ,2014-1-1,HLJ
HLJ黑龙江-HEB哈尔滨-FC-P03-R01,HLJ-HE-0040,44.7240 ,127.5880 ,2014-1-1,HLJ
HLJ黑龙江-HEB哈尔滨-FC-P03-R02,HLJ-HE-0041,44.7249 ,127.5887 ,2014-1-1,HLJ
HLJ黑龙江-HEB哈尔滨-FC-P03-R03,HLJ-HE-0042,44.7261 ,127.5884 ,2014-1-1,HLJ
HLJ黑龙江-HEB哈尔滨-FC-P04-R01,HLJ-HE-0043,46.1823 ,128.3981 ,2014-1-1,HLJ
HLJ黑龙江-HEB哈尔滨-FC-P04-R02,HLJ-HE-0044,46.1827 ,128.3990 ,2014-1-1,HLJ
HLJ黑龙江-HEB哈尔滨-FC-P04-R03,HLJ-HE-0045,46.1816 ,128.3994 ,2014-1-1,HLJ
HLJ黑龙江-HG鹤岗-FC-P01-R01,HLJ-HG-0046,48.1731 ,130.6683 ,2014-1-1,HLJ
HLJ黑龙江-HG鹤岗-FC-P01-R02,HLJ-HG-0047,48.1737 ,130.6685 ,2014-1-1,HLJ
HLJ黑龙江-HG鹤岗-FC-P01-R03,HLJ-HG-0048,48.1738 ,130.6676 ,2014-1-1,HLJ
HLJ黑龙江-HH黑河-FC-P01-R01,HLJ-HH-0049,50.1249 ,127.5333 ,2014-1-1,HLJ
HLJ黑龙江-HH黑河-FC-P01-R02,HLJ-HH-0050,50.1230 ,127.5365 ,2014-1-1,HLJ
HLJ黑龙江-HH黑河-FC-P01-R03,HLJ-HH-0051,50.1237 ,127.5347 ,2014-1-1,HLJ
HLJ黑龙江-HH黑河-FC-P02-R01,HLJ-HH-0052,49.4793 ,126.7763 ,2014-1-1,HLJ
HLJ黑龙江-HH黑河-FC-P02-R02,HLJ-HH-0053,49.4785 ,126.7758 ,2014-1-1,HLJ
HLJ黑龙江-HH黑河-FC-P02-R03,HLJ-HH-0054,49.4777 ,126.7752 ,2014-1-1,HLJ
HLJ黑龙江-HH黑河-FC-P03-R01,HLJ-HH-0055,49.2884 ,127.5240 ,2014-1-1,HLJ
HLJ黑龙江-HH黑河-FC-P03-R02,HLJ-HH-0056,49.2887 ,127.5250 ,2014-1-1,HLJ
HLJ黑龙江-HH黑河-FC-P03-R03,HLJ-HH-0057,49.2894 ,127.5252 ,2014-1-1,HLJ
HLJ黑龙江-HH黑河-FC-P04-R01,HLJ-HH-0058,48.0150 ,127.3631 ,2014-1-1,HLJ
HLJ黑龙江-HH黑河-FC-P04-R02,HLJ-HH-0059,48.0148 ,127.3620 ,2014-1-1,HLJ
HLJ黑龙江-HH黑河-FC-P04-R03,HLJ-HH-0060,48.0160 ,127.3614 ,2014-1-1,HLJ
HLJ黑龙江-HH黑河-FC-P05-R01,HLJ-HH-0061,48.4030 ,126.6508 ,2014-1-1,HLJ
HLJ黑龙江-HH黑河-FC-P05-R02,HLJ-HH-0062,48.4015 ,126.6494 ,2014-1-1,HLJ
HLJ黑龙江-HH黑河-FC-P05-R03,HLJ-HH-0063,48.3977 ,126.6504 ,2014-1-1,HLJ
HLJ黑龙江-JMS佳木斯-FC-P01-R01,HLJ-JM-0064,46.5042 ,130.7662 ,2014-1-1,HLJ
HLJ黑龙江-JMS佳木斯-FC-P01-R02,HLJ-JM-0065,46.5049 ,130.7670 ,2014-1-1,HLJ
HLJ黑龙江-JMS佳木斯-FC-P01-R03,HLJ-JM-0066,46.5058 ,130.7689 ,2014-1-1,HLJ
HLJ黑龙江-JX鸡西-FC-P01-R01,HLJ-JX-0067,45.4058 ,131.3965 ,2014-1-1,HLJ
HLJ黑龙江-JX鸡西-FC-P01-R02,HLJ-JX-0068,45.4058 ,131.3970 ,2014-1-1,HLJ
HLJ黑龙江-JX鸡西-FC-P01-R03,HLJ-JX-0069,45.4057 ,131.3981 ,2014-1-1,HLJ
HLJ黑龙江-MDJ牡丹江-FC-P01-R01,HLJ-MD-0070,44.0573 ,129.7125 ,2014-1-1,HLJ
HLJ黑龙江-MDJ牡丹江-FC-P01-R02,HLJ-MD-0071,44.0255 ,129.6834 ,2014-1-1,HLJ
HLJ黑龙江-MDJ牡丹江-FC-P01-R03,HLJ-MD-0072,44.0260 ,129.6795 ,2014-1-1,HLJ
HLJ黑龙江-MDJ牡丹江-FC-P02-R01,HLJ-MD-0073,43.9967 ,129.5844 ,2014-1-1,HLJ
HLJ黑龙江-MDJ牡丹江-FC-P02-R02,HLJ-MD-0074,43.9953 ,129.5844 ,2014-1-1,HLJ
HLJ黑龙江-MDJ牡丹江-FC-P02-R03,HLJ-MD-0075,43.9983 ,129.5842 ,2014-1-1,HLJ
HLJ黑龙江-MDJ牡丹江-FC-P03-R01,HLJ-MD-0076,44.1658 ,128.5023 ,2014-1-1,HLJ
HLJ黑龙江-MDJ牡丹江-FC-P03-R02,HLJ-MD-0077,44.1675 ,128.5055 ,2014-1-1,HLJ
HLJ黑龙江-MDJ牡丹江-FC-P03-R03,HLJ-MD-0078,44.1723 ,128.5129 ,2014-1-1,HLJ
HLJ黑龙江-MDJ牡丹江-FC-P04-R01,HLJ-MD-0079,44.9601 ,130.7391 ,2014-1-1,HLJ
HLJ黑龙江-MDJ牡丹江-FC-P04-R02,HLJ-MD-0080,44.9615 ,130.7386 ,2014-1-1,HLJ
HLJ黑龙江-MDJ牡丹江-FC-P04-R03,HLJ-MD-0081,44.9610 ,130.7403 ,2014-1-1,HLJ
HLJ黑龙江-MDJ牡丹江-FC-P05-R01,HLJ-MD-0082,44.0621 ,130.5601 ,2014-1-1,HLJ
HLJ黑龙江-MDJ牡丹江-FC-P05-R02,HLJ-MD-0083,44.0612 ,130.5608 ,2014-1-1,HLJ
HLJ黑龙江-MDJ牡丹江-FC-P05-R03,HLJ-MD-0084,44.0606 ,130.5608 ,2014-1-1,HLJ
HLJ黑龙江-QQHE齐齐哈尔-FC-P01-R01,HLJ-QQ-0085,48.7032 ,125.8642 ,2014-1-1,HLJ
HLJ黑龙江-QQHE齐齐哈尔-FC-P01-R02,HLJ-QQ-0086,48.7041 ,125.8638 ,2014-1-1,HLJ
HLJ黑龙江-QQHE齐齐哈尔-FC-P01-R03,HLJ-QQ-0087,48.7044 ,125.8680 ,2014-1-1,HLJ
HLJ黑龙江-QTH七台河-FC-P01-R01,HLJ-QT-0088,46.1795 ,131.4303 ,2014-1-1,HLJ
HLJ黑龙江-QTH七台河-FC-P01-R02,HLJ-QT-0089,46.1799 ,131.4296 ,2014-1-1,HLJ
HLJ黑龙江-QTH七台河-FC-P01-R03,HLJ-QT-0090,46.1796 ,131.4286 ,2014-1-1,HLJ
HLJ黑龙江-SH绥化-FC-P01-R01,HLJ-SH-0091,47.3669 ,127.4310 ,2014-1-1,HLJ
HLJ黑龙江-SH绥化-FC-P01-R02,HLJ-SH-0092,47.3986 ,127.4543 ,2014-1-1,HLJ
HLJ黑龙江-SH绥化-FC-P01-R03,HLJ-SH-0093,47.4007 ,127.4565 ,2014-1-1,HLJ
HLJ黑龙江-SYS双鸭山-FC-P01-R01,HLJ-SY-0094,46.1482 ,132.3910 ,2014-1-1,HLJ
HLJ黑龙江-SYS双鸭山-FC-P01-R02,HLJ-SY-0095,46.1477 ,132.3915 ,2014-1-1,HLJ
HLJ黑龙江-SYS双鸭山-FC-P01-R03,HLJ-SY-0096,46.1488 ,132.3907 ,2014-1-1,HLJ
HLJ黑龙江-SYS双鸭山-FC-P02-R01,HLJ-SY-0097,46.2715 ,131.7551 ,2014-1-1,HLJ
HLJ黑龙江-SYS双鸭山-FC-P02-R02,HLJ-SY-0098,46.2721 ,131.7547 ,2014-1-1,HLJ
HLJ黑龙江-SYS双鸭山-FC-P02-R03,HLJ-SY-0099,46.2724 ,131.7543 ,2014-1-1,HLJ
HLJ黑龙江-SYS双鸭山-FC-P03-R01,HLJ-SY-0100,46.4018 ,131.3895 ,2014-1-1,HLJ
HLJ黑龙江-SYS双鸭山-FC-P03-R02,HLJ-SY-0101,46.4022 ,131.3892 ,2014-1-1,HLJ
HLJ黑龙江-SYS双鸭山-FC-P03-R03,HLJ-SY-0102,46.4025 ,131.3889 ,2014-1-1,HLJ
HLJ黑龙江-YC伊春-FC-P01-R01,HLJ-YC-0103,46.9272 ,128.5597 ,2014-1-1,HLJ
HLJ黑龙江-YC伊春-FC-P01-R02,HLJ-YC-0104,46.9268 ,128.5591 ,2014-1-1,HLJ
HLJ黑龙江-YC伊春-FC-P01-R03,HLJ-YC-0105,46.9262 ,128.5599 ,2014-1-1,HLJ
HLJ黑龙江-YC伊春-FC-P02-R01,HLJ-YC-0106,47.7337 ,128.5466 ,2014-1-1,HLJ
HLJ黑龙江-YC伊春-FC-P02-R02,HLJ-YC-0107,47.7346 ,128.5456 ,2014-1-1,HLJ
HLJ黑龙江-YC伊春-FC-P02-R03,HLJ-YC-0108,47.7344 ,128.5436 ,2014-1-1,HLJ
HLJ黑龙江-YC伊春-FC-P03-R01,HLJ-YC-0109,48.0660 ,129.1020 ,2014-1-1,HLJ
HLJ黑龙江-YC伊春-FC-P03-R02,HLJ-YC-0110,48.0669 ,129.1014 ,2014-1-1,HLJ
HLJ黑龙江-YC伊春-FC-P03-R03,HLJ-YC-0111,48.0666 ,129.1006 ,2014-1-1,HLJ
HLJ黑龙江-YC伊春-FC-P04-R01,HLJ-YC-0112,48.1263 ,129.1880 ,2014-1-1,HLJ
HLJ黑龙江-YC伊春-FC-P04-R02,HLJ-YC-0113,48.1266 ,129.1886 ,2014-1-1,HLJ
HLJ黑龙江-YC伊春-FC-P04-R03,HLJ-YC-0114,48.1271 ,129.1877 ,2014-1-1,HLJ
HLJ黑龙江-YC伊春-FC-P05-R01,HLJ-YC-0115,48.1199 ,129.1861 ,2014-1-1,HLJ
HLJ黑龙江-YC伊春-FC-P05-R02,HLJ-YC-0116,48.1203 ,129.1844 ,2014-1-1,HLJ
HLJ黑龙江-YC伊春-FC-P05-R03,HLJ-YC-0117,48.1200 ,129.1875 ,2014-1-1,HLJ
HLJ黑龙江-HEB哈尔滨-DC-P01-R1,HLJ-HE-0175,44.2986 ,127.7227 ,2014-1-1,HLJ
HLJ黑龙江-HEB哈尔滨-DC-P01-R2,HLJ-HE-0176,44.2991 ,127.7233 ,2014-1-1,HLJ
HLJ黑龙江-HEB哈尔滨-DC-P01-R3,HLJ-HE-0177,44.2993 ,127.7228 ,2014-1-1,HLJ
HLJ黑龙江-HEB哈尔滨-DC-P02-R1,HLJ-HE-0181,44.5462 ,127.6636 ,2014-1-1,HLJ
HLJ黑龙江-HEB哈尔滨-DC-P02-R2,HLJ-HE-0182,44.5459 ,127.6638 ,2014-1-1,HLJ
HLJ黑龙江-HEB哈尔滨-DC-P02-R3,HLJ-HE-0183,44.5457 ,127.6637 ,2014-1-1,HLJ
HLJ黑龙江-HEB哈尔滨-DC-P03-R1,HLJ-HE-0178,44.4120 ,127.6439 ,2014-1-1,HLJ
HLJ黑龙江-HEB哈尔滨-DC-P03-R2,HLJ-HE-0179,44.4121 ,127.6435 ,2014-1-1,HLJ
HLJ黑龙江-HEB哈尔滨-DC-P03-R3,HLJ-HE-0180,44.4121 ,127.6432 ,2014-1-1,HLJ
HLJ黑龙江-HEB哈尔滨-DC-P04-R1,HLJ-HE-0184,44.5247 ,127.8579 ,2014-1-1,HLJ
HLJ黑龙江-HEB哈尔滨-DC-P04-R2,HLJ-HE-0185,44.5243 ,127.8577 ,2014-1-1,HLJ
HLJ黑龙江-HEB哈尔滨-DC-P04-R3,HLJ-HE-0186,44.5240 ,127.8578 ,2014-1-1,HLJ
HLJ黑龙江-HEB哈尔滨-DC-P05-R1,HLJ-HE-0169,45.2225 ,128.0725 ,2014-1-1,HLJ
HLJ黑龙江-HEB哈尔滨-DC-P05-R2,HLJ-HE-0170,45.2222 ,128.0721 ,2014-1-1,HLJ
HLJ黑龙江-HEB哈尔滨-DC-P05-R3,HLJ-HE-0171,45.2213 ,128.0730 ,2014-1-1,HLJ
HLJ黑龙江-HEB哈尔滨-DC-P06-R1,HLJ-HE-0172,45.0415 ,128.0330 ,2014-1-1,HLJ
HLJ黑龙江-HEB哈尔滨-DC-P06-R2,HLJ-HE-0173,45.0411 ,128.0329 ,2014-1-1,HLJ
HLJ黑龙江-HEB哈尔滨-DC-P06-R3,HLJ-HE-0174,45.0411 ,128.0331 ,2014-1-1,HLJ
HLJ黑龙江-HEB哈尔滨-DC-P07-R1,HLJ-HE-0163,46.7081 ,127.8146 ,2014-1-1,HLJ
HLJ黑龙江-HEB哈尔滨-DC-P07-R2,HLJ-HE-0164,46.0750 ,127.8151 ,2014-1-1,HLJ
HLJ黑龙江-HEB哈尔滨-DC-P07-R3,HLJ-HE-0165,46.0752 ,127.8156 ,2014-1-1,HLJ
HLJ黑龙江-HEB哈尔滨-DC-P09-R1,HLJ-HE-0166,45.7052 ,128.5969 ,2014-1-1,HLJ
HLJ黑龙江-HEB哈尔滨-DC-P09-R2,HLJ-HE-0167,45.7054 ,128.5964 ,2014-1-1,HLJ
HLJ黑龙江-HEB哈尔滨-DC-P09-R3,HLJ-HE-0168,45.7049 ,128.5959 ,2014-1-1,HLJ
HLJ黑龙江-HEB哈尔滨-DC-P10-R1,HLJ-HE-0187,44.6989 ,127.7359 ,2014-1-1,HLJ
HLJ黑龙江-HEB哈尔滨-DC-P10-R2,HLJ-HE-0188,44.6992 ,127.7356 ,2014-1-1,HLJ
HLJ黑龙江-HEB哈尔滨-DC-P10-R3,HLJ-HE-0189,44.6986 ,127.7360 ,2014-1-1,HLJ
HLJ黑龙江-HEB哈尔滨-DC-P13-R1,HLJ-HE-0160,46.4080 ,129.3701 ,2014-1-1,HLJ
HLJ黑龙江-HEB哈尔滨-DC-P13-R2,HLJ-HE-0161,46.4083 ,129.3700 ,2014-1-1,HLJ
HLJ黑龙江-HEB哈尔滨-DC-P13-R3,HLJ-HE-0162,46.4076 ,129.3696 ,2014-1-1,HLJ
HLJ黑龙江-HG鹤岗-DC-P01-R1,HLJ-HG-0154,47.4686 ,130.1572 ,2014-1-1,HLJ
HLJ黑龙江-HG鹤岗-DC-P01-R2,HLJ-HG-0155,47.3781 ,130.2092 ,2014-1-1,HLJ
HLJ黑龙江-HG鹤岗-DC-P01-R3,HLJ-HG-0156,47.3785 ,130.2092 ,2014-1-1,HLJ
HLJ黑龙江-HG鹤岗-DC-P02-R1,HLJ-HG-0151,47.5501 ,130.6257 ,2014-1-1,HLJ
HLJ黑龙江-HG鹤岗-DC-P02-R2,HLJ-HG-0152,47.5510 ,130.6269 ,2014-1-1,HLJ
HLJ黑龙江-HG鹤岗-DC-P02-R3,HLJ-HG-0153,47.5512 ,130.6271 ,2014-1-1,HLJ
HLJ黑龙江-HH黑河-DC-P01-R1,HLJ-HH-0100,49.8885 ,127.2947 ,2014-1-1,HLJ
HLJ黑龙江-HH黑河-DC-P01-R2,HLJ-HH-0101,49.8893 ,127.2902 ,2014-1-1,HLJ
HLJ黑龙江-HH黑河-DC-P01-R3,HLJ-HH-0102,49.8904 ,127.2994 ,2014-1-1,HLJ
HLJ黑龙江-HH黑河-DC-P02-R1,HLJ-HH-0103,50.7354 ,127.2583 ,2014-1-1,HLJ
HLJ黑龙江-HH黑河-DC-P02-R2,HLJ-HH-0104,50.7386 ,127.2557 ,2014-1-1,HLJ
HLJ黑龙江-HH黑河-DC-P02-R3,HLJ-HH-0105,50.7371 ,127.2565 ,2014-1-1,HLJ
HLJ黑龙江-HH黑河-DC-P03-R1,HLJ-HH-0106,49.9466 ,127.0850 ,2014-1-1,HLJ
HLJ黑龙江-HH黑河-DC-P03-R2,HLJ-HH-0107,49.9471 ,127.0876 ,2014-1-1,HLJ
HLJ黑龙江-HH黑河-DC-P04-R1,HLJ-HH-0109,50.2587 ,126.4565 ,2014-1-1,HLJ
HLJ黑龙江-HH黑河-DC-P04-R2,HLJ-HH-0110,50.2613 ,126.4575 ,2014-1-1,HLJ
HLJ黑龙江-HH黑河-DC-P04-R3,HLJ-HH-0111,50.2612 ,126.4594 ,2014-1-1,HLJ
HLJ黑龙江-HH黑河-DC-P05-R1,HLJ-HH-0112,50.4560 ,125.7406 ,2014-1-1,HLJ
HLJ黑龙江-HH黑河-DC-P05-R2,HLJ-HH-0113,50.4487 ,125.7453 ,2014-1-1,HLJ
HLJ黑龙江-HH黑河-DC-P05-R3,HLJ-HH-0114,50.4494 ,125.7438 ,2014-1-1,HLJ
HLJ黑龙江-HH黑河-DC-P06-R1,HLJ-HH-0115,50.1538 ,125.7112 ,2014-1-1,HLJ
HLJ黑龙江-HH黑河-DC-P06-R2,HLJ-HH-0116,50.1534 ,125.7127 ,2014-1-1,HLJ
HLJ黑龙江-HH黑河-DC-P06-R3,HLJ-HH-0117,50.1512 ,125.7114 ,2014-1-1,HLJ
HLJ黑龙江-HH黑河-DC-P07-R1,HLJ-HH-0118,49.8882 ,125.4959 ,2014-1-1,HLJ
HLJ黑龙江-HH黑河-DC-P07-R2,HLJ-HH-0119,49.8877 ,125.4945 ,2014-1-1,HLJ
HLJ黑龙江-HH黑河-DC-P07-R3,HLJ-HH-0120,49.8881 ,125.4934 ,2014-1-1,HLJ
HLJ黑龙江-HH黑河-DC-P08-R1,HLJ-HH-0121,49.4218 ,126.1456 ,2014-1-1,HLJ
HLJ黑龙江-HH黑河-DC-P08-R2,HLJ-HH-0122,49.4194 ,126.1405 ,2014-1-1,HLJ
HLJ黑龙江-HH黑河-DC-P08-R3,HLJ-HH-0123,49.4193 ,126.1419 ,2014-1-1,HLJ
HLJ黑龙江-HH黑河-DC-P09-R1,HLJ-HH-0124,49.1890 ,125.5537 ,2014-1-1,HLJ
HLJ黑龙江-HH黑河-DC-P09-R2,HLJ-HH-0125,49.1881 ,125.5513 ,2014-1-1,HLJ
HLJ黑龙江-HH黑河-DC-P09-R3,HLJ-HH-0126,49.1887 ,125.5471 ,2014-1-1,HLJ
HLJ黑龙江-HH黑河-DC-P10-R1,HLJ-HH-0130,49.0336 ,127.0377 ,2014-1-1,HLJ
HLJ黑龙江-HH黑河-DC-P10-R2,HLJ-HH-0131,48.9235 ,126.9091 ,2014-1-1,HLJ
HLJ黑龙江-HH黑河-DC-P10-R3,HLJ-HH-0132,48.9236 ,126.9074 ,2014-1-1,HLJ
HLJ黑龙江-HH黑河-DC-P11-R1,HLJ-HH-0133,48.9639 ,126.7650 ,2014-1-1,HLJ
HLJ黑龙江-HH黑河-DC-P11-R2,HLJ-HH-0134,48.9610 ,126.7666 ,2014-1-1,HLJ
HLJ黑龙江-HH黑河-DC-P11-R3,HLJ-HH-0135,48.8583 ,126.7671 ,2014-1-1,HLJ
HLJ黑龙江-HH黑河-DC-P12-R1,HLJ-HH-0136,48.5588 ,126.9038 ,2014-1-1,HLJ
HLJ黑龙江-HH黑河-DC-P12-R3,HLJ-HH-0138,48.4533 ,126.9912 ,2014-1-1,HLJ
HLJ黑龙江-HH黑河-DC-P13-R1,HLJ-HH-0139,48.4091 ,126.9877 ,2014-1-1,HLJ
HLJ黑龙江-HH黑河-DC-P13-R2,HLJ-HH-0140,48.4016 ,126.9942 ,2014-1-1,HLJ
HLJ黑龙江-HH黑河-DC-P13-R3,HLJ-HH-0141,48.4021 ,126.9856 ,2014-1-1,HLJ
HLJ黑龙江-HH黑河-DC-P14-R1,HLJ-HH-0142,48.3415 ,127.0570 ,2014-1-1,HLJ
HLJ黑龙江-HH黑河-DC-P14-R2,HLJ-HH-0143,48.3417 ,127.0559 ,2014-1-1,HLJ
HLJ黑龙江-HH黑河-DC-P14-R3,HLJ-HH-0144,48.3477 ,127.0118 ,2014-1-1,HLJ
HLJ黑龙江-HH黑河-DC-P15-R1,HLJ-HH-0145,47.9126 ,127.6669 ,2014-1-1,HLJ
HLJ黑龙江-HH黑河-DC-P15-R2,HLJ-HH-0146,47.9121 ,127.6684 ,2014-1-1,HLJ
HLJ黑龙江-HH黑河-DC-P15-R3,HLJ-HH-0147,47.9133 ,127.6654 ,2014-1-1,HLJ
HLJ黑龙江-HH黑河-DC-P16-R1,HLJ-HH-0091,48.7829 ,128.7228 ,2014-1-1,HLJ
HLJ黑龙江-HH黑河-DC-P16-R2,HLJ-HH-0092,48.7822 ,128.7225 ,2014-1-1,HLJ
HLJ黑龙江-HH黑河-DC-P16-R3,HLJ-HH-0093,48.7830 ,128.7218 ,2014-1-1,HLJ
HLJ黑龙江-HH黑河-DC-P17-R1,HLJ-HH-0088,48.7935 ,128.6582 ,2014-1-1,HLJ
HLJ黑龙江-HH黑河-DC-P17-R2,HLJ-HH-0089,48.7921 ,128.6591 ,2014-1-1,HLJ
HLJ黑龙江-HH黑河-DC-P17-R3,HLJ-HH-0090,48.7913 ,128.6603 ,2014-1-1,HLJ
HLJ黑龙江-HH黑河-DC-P18-R1,HLJ-HH-0085,48.7942 ,128.8520 ,2014-1-1,HLJ
HLJ黑龙江-HH黑河-DC-P18-R2,HLJ-HH-0086,48.7942 ,128.8508 ,2014-1-1,HLJ
HLJ黑龙江-HH黑河-DC-P18-R3,HLJ-HH-0087,48.7942 ,128.8492 ,2014-1-1,HLJ
HLJ黑龙江-HH黑河-DC-P19-R1,HLJ-HH-0097,48.3337 ,128.3293 ,2014-1-1,HLJ
HLJ黑龙江-HH黑河-DC-P19-R2,HLJ-HH-0098,48.3333 ,128.3289 ,2014-1-1,HLJ
HLJ黑龙江-HH黑河-DC-P19-R3,HLJ-HH-0099,48.3335 ,128.3280 ,2014-1-1,HLJ
HLJ黑龙江-HH黑河-DC-P20-R1,HLJ-HH-0079,48.7235 ,129.1686 ,2014-1-1,HLJ
HLJ黑龙江-HH黑河-DC-P20-R2,HLJ-HH-0080,48.7228 ,129.1700 ,2014-1-1,HLJ
HLJ黑龙江-HH黑河-DC-P20-R3,HLJ-HH-0081,48.7221 ,129.1718 ,2014-1-1,HLJ
HLJ黑龙江-HH黑河-DC-P21-R1,HLJ-HH-0148,48.0337 ,127.4286 ,2014-1-1,HLJ
HLJ黑龙江-HH黑河-DC-P21-R2,HLJ-HH-0149,48.0344 ,127.4283 ,2014-1-1,HLJ
HLJ黑龙江-HH黑河-DC-P21-R3,HLJ-HH-0150,48.0352 ,127.4280 ,2014-1-1,HLJ
HLJ黑龙江-JMS佳木斯-DC-P01-R1,HLJ-JM-0001,47.6541 ,132.5647 ,2014-1-1,HLJ
HLJ黑龙江-JMS佳木斯-DC-P01-R2,HLJ-JM-0002,47.6538 ,132.5644 ,2014-1-1,HLJ
HLJ黑龙江-JMS佳木斯-DC-P01-R3,HLJ-JM-0003,47.6537 ,132.5652 ,2014-1-1,HLJ
HLJ黑龙江-JMS佳木斯-DC-P02-R1,HLJ-JM-0004,47.9178 ,133.0649 ,2014-1-1,HLJ
HLJ黑龙江-JMS佳木斯-DC-P02-R2,HLJ-JM-0005,47.9183 ,133.0641 ,2014-1-1,HLJ
HLJ黑龙江-JMS佳木斯-DC-P02-R3,HLJ-JM-0006,47.9188 ,133.0632 ,2014-1-1,HLJ
HLJ黑龙江-JX鸡西-DC-P01-R1,HLJ-JX-0022,45.0363 ,131.1573 ,2014-1-1,HLJ
HLJ黑龙江-JX鸡西-DC-P01-R2,HLJ-JX-0023,45.0367 ,131.1572 ,2014-1-1,HLJ
HLJ黑龙江-JX鸡西-DC-P01-R3,HLJ-JX-0024,45.0376 ,131.1568 ,2014-1-1,HLJ
HLJ黑龙江-JX鸡西-DC-P02-R1,HLJ-JX-0013,46.4523 ,133.2724 ,2014-1-1,HLJ
HLJ黑龙江-JX鸡西-DC-P02-R2,HLJ-JX-0014,46.4525 ,133.2729 ,2014-1-1,HLJ
HLJ黑龙江-JX鸡西-DC-P02-R3,HLJ-JX-0015,46.4525 ,133.2735 ,2014-1-1,HLJ
HLJ黑龙江-JX鸡西-DC-P03-R1,HLJ-JX-0016,46.1018 ,132.8799 ,2014-1-1,HLJ
HLJ黑龙江-JX鸡西-DC-P03-R2,HLJ-JX-0017,46.1015 ,132.8808 ,2014-1-1,HLJ
HLJ黑龙江-JX鸡西-DC-P03-R3,HLJ-JX-0018,46.1024 ,132.8805 ,2014-1-1,HLJ
HLJ黑龙江-MDJ牡丹江-DC-P01-R1,HLJ-MD-0196,44.8675 ,130.0335 ,2014-1-1,HLJ
HLJ黑龙江-MDJ牡丹江-DC-P01-R2,HLJ-MD-0197,44.8674 ,130.0334 ,2014-1-1,HLJ
HLJ黑龙江-MDJ牡丹江-DC-P01-R3,HLJ-MD-0198,44.8672 ,130.0333 ,2014-1-1,HLJ
HLJ黑龙江-MDJ牡丹江-DC-P02-R1,HLJ-MD-0025,43.5525 ,131.0435 ,2014-1-1,HLJ
HLJ黑龙江-MDJ牡丹江-DC-P02-R2,HLJ-MD-0026,43.5525 ,131.0446 ,2014-1-1,HLJ
HLJ黑龙江-MDJ牡丹江-DC-P02-R3,HLJ-MD-0027,43.5529 ,131.0453 ,2014-1-1,HLJ
HLJ黑龙江-MDJ牡丹江-DC-P03-R1,HLJ-MD-0199,44.7091 ,129.7135 ,2014-1-1,HLJ
HLJ黑龙江-MDJ牡丹江-DC-P03-R2,HLJ-MD-0200,44.7090 ,129.7130 ,2014-1-1,HLJ
HLJ黑龙江-MDJ牡丹江-DC-P03-R3,HLJ-MD-0201,44.7094 ,129.7132 ,2014-1-1,HLJ
HLJ黑龙江-MDJ牡丹江-DC-P04-R1,HLJ-MD-0190,44.5168 ,129.2381 ,2014-1-1,HLJ
HLJ黑龙江-MDJ牡丹江-DC-P04-R2,HLJ-MD-0191,44.5162 ,129.2380 ,2014-1-1,HLJ
HLJ黑龙江-MDJ牡丹江-DC-P04-R3,HLJ-MD-0192,44.5155 ,129.2380 ,2014-1-1,HLJ
HLJ黑龙江-MDJ牡丹江-DC-P05-R1,HLJ-MD-0040,44.3544 ,129.5672 ,2014-1-1,HLJ
HLJ黑龙江-MDJ牡丹江-DC-P05-R2,HLJ-MD-0041,44.3546 ,129.5668 ,2014-1-1,HLJ
HLJ黑龙江-MDJ牡丹江-DC-P05-R3,HLJ-MD-0042,44.3548 ,129.5658 ,2014-1-1,HLJ
HLJ黑龙江-MDJ牡丹江-DC-P06-R1,HLJ-MD-0031,44.4050 ,130.7093 ,2014-1-1,HLJ
HLJ黑龙江-MDJ牡丹江-DC-P06-R2,HLJ-MD-0032,44.4054 ,130.7101 ,2014-1-1,HLJ
HLJ黑龙江-MDJ牡丹江-DC-P06-R3,HLJ-MD-0033,44.4055 ,130.7102 ,2014-1-1,HLJ
HLJ黑龙江-MDJ牡丹江-DC-P07-R1,HLJ-MD-0037,44.5401 ,129.8866 ,2014-1-1,HLJ
HLJ黑龙江-MDJ牡丹江-DC-P07-R2,HLJ-MD-0038,44.5400 ,129.8865 ,2014-1-1,HLJ
HLJ黑龙江-MDJ牡丹江-DC-P07-R3,HLJ-MD-0039,44.5398 ,129.8867 ,2014-1-1,HLJ
HLJ黑龙江-MDJ牡丹江-DC-P09-R1,HLJ-MD-0046,43.8942 ,129.2091 ,2014-1-1,HLJ
HLJ黑龙江-MDJ牡丹江-DC-P09-R2,HLJ-MD-0047,43.8946 ,129.2097 ,2014-1-1,HLJ
HLJ黑龙江-MDJ牡丹江-DC-P09-R3,HLJ-MD-0048,43.8947 ,129.2092 ,2014-1-1,HLJ
HLJ黑龙江-MDJ牡丹江-DC-P10-R1,HLJ-MD-0028,44.1607 ,131.0777 ,2014-1-1,HLJ
HLJ黑龙江-MDJ牡丹江-DC-P10-R2,HLJ-MD-0029,44.1613 ,131.0781 ,2014-1-1,HLJ
HLJ黑龙江-MDJ牡丹江-DC-P10-R3,HLJ-MD-0030,44.1623 ,131.0792 ,2014-1-1,HLJ
HLJ黑龙江-MDJ牡丹江-DC-P11-R1,HLJ-MD-0043,44.2128 ,129.6106 ,2014-1-1,HLJ
HLJ黑龙江-MDJ牡丹江-DC-P11-R2,HLJ-MD-0044,44.2133 ,129.6102 ,2014-1-1,HLJ
HLJ黑龙江-MDJ牡丹江-DC-P11-R3,HLJ-MD-0045,44.2133 ,129.6096 ,2014-1-1,HLJ
HLJ黑龙江-MDJ牡丹江-DC-P12-R1,HLJ-MD-0034,44.5013 ,130.3559 ,2014-1-1,HLJ
HLJ黑龙江-MDJ牡丹江-DC-P12-R2,HLJ-MD-0035,44.5008 ,130.3561 ,2014-1-1,HLJ
HLJ黑龙江-MDJ牡丹江-DC-P12-R3,HLJ-MD-0036,44.5002 ,130.3562 ,2014-1-1,HLJ
HLJ黑龙江-MDJ牡丹江-DC-P13-R1,HLJ-MD-0193,44.4639 ,129.2593 ,2014-1-1,HLJ
HLJ黑龙江-MDJ牡丹江-DC-P13-R2,HLJ-MD-0194,44.4642 ,129.2597 ,2014-1-1,HLJ
HLJ黑龙江-MDJ牡丹江-DC-P13-R3,HLJ-MD-0195,44.4649 ,129.2585 ,2014-1-1,HLJ
HLJ黑龙江-QQHR齐齐哈尔-DC-P01-R1,HLJ-QQ-0127,48.5607 ,125.5868 ,2014-1-1,HLJ
HLJ黑龙江-QQHR齐齐哈尔-DC-P01-R2,HLJ-QQ-0128,48.5598 ,125.5859 ,2014-1-1,HLJ
HLJ黑龙江-QQHR齐齐哈尔-DC-P01-R3,HLJ-QQ-0129,48.5600 ,125.5878 ,2014-1-1,HLJ
HLJ黑龙江-QTH七台河-DC-P01-R1,HLJ-QT-0019,45.6808 ,130.5605 ,2014-1-1,HLJ
HLJ黑龙江-QTH七台河-DC-P01-R2,HLJ-QT-0020,45.6814 ,130.5610 ,2014-1-1,HLJ
HLJ黑龙江-QTH七台河-DC-P01-R3,HLJ-QT-0021,45.6809 ,130.5609 ,2014-1-1,HLJ
HLJ黑龙江-SH绥化-DC-P01-R1,HLJ-SH-0064,47.6861 ,128.0250 ,2014-1-1,HLJ
HLJ黑龙江-SH绥化-DC-P01-R2,HLJ-SH-0065,47.6856 ,128.0247 ,2014-1-1,HLJ
HLJ黑龙江-SH绥化-DC-P01-R3,HLJ-SH-0066,47.6853 ,128.0169 ,2014-1-1,HLJ
HLJ黑龙江-SYS双鸭山-DC-P01-R1,HLJ-SY-0007,46.6087 ,133.1254 ,2014-1-1,HLJ
HLJ黑龙江-SYS双鸭山-DC-P01-R2,HLJ-SY-0008,46.6086 ,133.1265 ,2014-1-1,HLJ
HLJ黑龙江-SYS双鸭山-DC-P01-R3,HLJ-SY-0009,46.6085 ,133.1271 ,2014-1-1,HLJ
HLJ黑龙江-SYS双鸭山-DC-P02-R1,HLJ-SY-0010,46.5566 ,133.1209 ,2014-1-1,HLJ
HLJ黑龙江-SYS双鸭山-DC-P02-R2,HLJ-SY-0011,46.5566 ,133.1217 ,2014-1-1,HLJ
HLJ黑龙江-SYS双鸭山-DC-P02-R3,HLJ-SY-0012,46.5571 ,133.1214 ,2014-1-1,HLJ
HLJ黑龙江-YC伊春-DC-P01-R1,HLJ-YC-0067,48.7336 ,129.9928 ,2014-1-1,HLJ
HLJ黑龙江-YC伊春-DC-P01-R2,HLJ-YC-0068,48.7331 ,129.9922 ,2014-1-1,HLJ
HLJ黑龙江-YC伊春-DC-P01-R3,HLJ-YC-0069,48.7336 ,129.9922 ,2014-1-1,HLJ
HLJ黑龙江-YC伊春-DC-P02-R1,HLJ-YC-0070,48.5981 ,129.8942 ,2014-1-1,HLJ
HLJ黑龙江-YC伊春-DC-P02-R2,HLJ-YC-0071,48.5981 ,129.8936 ,2014-1-1,HLJ
HLJ黑龙江-YC伊春-DC-P02-R3,HLJ-YC-0072,48.5972 ,129.8925 ,2014-1-1,HLJ
HLJ黑龙江-YC伊春-DC-P03-R1,HLJ-YC-0076,48.5275 ,129.4539 ,2014-1-1,HLJ
HLJ黑龙江-YC伊春-DC-P03-R2,HLJ-YC-0077,48.5283 ,129.4533 ,2014-1-1,HLJ
HLJ黑龙江-YC伊春-DC-P03-R3,HLJ-YC-0078,48.5283 ,129.4528 ,2014-1-1,HLJ
HLJ黑龙江-YC伊春-DC-P04-R1,HLJ-YC-0082,48.5104 ,129.5281 ,2014-1-1,HLJ
HLJ黑龙江-YC伊春-DC-P04-R2,HLJ-YC-0083,48.5098 ,129.5275 ,2014-1-1,HLJ
HLJ黑龙江-YC伊春-DC-P04-R3,HLJ-YC-0084,48.5092 ,129.5264 ,2014-1-1,HLJ
HLJ黑龙江-YC伊春-DC-P05-R1,HLJ-YC-0094,48.2255 ,129.1972 ,2014-1-1,HLJ
HLJ黑龙江-YC伊春-DC-P05-R2,HLJ-YC-0095,48.2261 ,129.1969 ,2014-1-1,HLJ
HLJ黑龙江-YC伊春-DC-P05-R3,HLJ-YC-0096,48.2264 ,129.1977 ,2014-1-1,HLJ
HLJ黑龙江-YC伊春-DC-P06-R1,HLJ-YC-0055,47.5908 ,128.7114 ,2014-1-1,HLJ
HLJ黑龙江-YC伊春-DC-P06-R2,HLJ-YC-0056,47.5908 ,128.7092 ,2014-1-1,HLJ
HLJ黑龙江-YC伊春-DC-P06-R3,HLJ-YC-0057,47.5906 ,128.7094 ,2014-1-1,HLJ
HLJ黑龙江-YC伊春-DC-P07-R1,HLJ-YC-0157,46.7262 ,129.6381 ,2014-1-1,HLJ
HLJ黑龙江-YC伊春-DC-P07-R2,HLJ-YC-0158,46.7321 ,129.6453 ,2014-1-1,HLJ
HLJ黑龙江-YC伊春-DC-P07-R3,HLJ-YC-0159,46.7317 ,129.6351 ,2014-1-1,HLJ
HLJ黑龙江-YC伊春-DC-P08-R1,HLJ-YC-0052,46.5636 ,128.6794 ,2014-1-1,HLJ
HLJ黑龙江-YC伊春-DC-P08-R2,HLJ-YC-0053,46.5636 ,128.6800 ,2014-1-1,HLJ
HLJ黑龙江-YC伊春-DC-P08-R3,HLJ-YC-0054,46.5622 ,128.6786 ,2014-1-1,HLJ
HLJ黑龙江-YC伊春-DC-P09-R1,HLJ-YC-0061,47.6011 ,129.2053 ,2014-1-1,HLJ
HLJ黑龙江-YC伊春-DC-P09-R2,HLJ-YC-0062,47.6008 ,129.2044 ,2014-1-1,HLJ
HLJ黑龙江-YC伊春-DC-P09-R3,HLJ-YC-0063,47.6006 ,129.2044 ,2014-1-1,HLJ
HLJ黑龙江-YC伊春-DC-P10-R1,HLJ-YC-0058,47.1897 ,128.8806 ,2014-1-1,HLJ
HLJ黑龙江-YC伊春-DC-P10-R2,HLJ-YC-0059,47.1911 ,128.5361 ,2014-1-1,HLJ
HLJ黑龙江-YC伊春-DC-P10-R3,HLJ-YC-0060,47.1889 ,128.8817 ,2014-1-1,HLJ
HLJ黑龙江-YC伊春-DC-P11-R1,HLJ-YC-0049,46.9253 ,128.1853 ,2014-1-1,HLJ
HLJ黑龙江-YC伊春-DC-P11-R2,HLJ-YC-0050,46.9242 ,128.1861 ,2014-1-1,HLJ
HLJ黑龙江-YC伊春-DC-P11-R3,HLJ-YC-0051,46.9242 ,128.1858 ,2014-1-1,HLJ
HLJ黑龙江-YC伊春-DC-P12-R1,HLJ-YC-0073,48.5564 ,129.8550 ,2014-1-1,HLJ
HLJ黑龙江-YC伊春-DC-P12-R2,HLJ-YC-0074,48.5561 ,129.8556 ,2014-1-1,HLJ
HLJ黑龙江-YC伊春-DC-P12-R3,HLJ-YC-0075,48.5558 ,129.8564 ,2014-1-1,HLJ
HLJ黑龙江-DXAL大兴安岭-DC-P01-R1,HLJ-DX-0001,52.4152 ,126.1733 ,2014-1-1,HLJ
HLJ黑龙江-DXAL大兴安岭-DC-P01-R2,HLJ-DX-0002,52.4154 ,126.1713 ,2014-1-1,HLJ
HLJ黑龙江-DXAL大兴安岭-DC-P01-R3,HLJ-DX-0003,52.4151 ,126.1719 ,2014-1-1,HLJ
HLJ黑龙江-DXAL大兴安岭-DC-P02-R1,HLJ-DX-0004,52.9471 ,122.8594 ,2014-1-1,HLJ
HLJ黑龙江-DXAL大兴安岭-DC-P02-R2,HLJ-DX-0005,52.9468 ,122.8589 ,2014-1-1,HLJ
HLJ黑龙江-DXAL大兴安岭-DC-P02-R3,HLJ-DX-0006,52.9463 ,122.8587 ,2014-1-1,HLJ
HLJ黑龙江-DXAL大兴安岭-DC-P03-R1,HLJ-DX-0007,52.9679 ,122.6367 ,2014-1-1,HLJ
HLJ黑龙江-DXAL大兴安岭-DC-P03-R2,HLJ-DX-0008,52.9680 ,122.6372 ,2014-1-1,HLJ
HLJ黑龙江-DXAL大兴安岭-DC-P03-R3,HLJ-DX-0009,52.9683 ,122.6373 ,2014-1-1,HLJ
HLJ黑龙江-DXAL大兴安岭-DC-P04-R1,HLJ-DX-0010,52.1009 ,126.1957 ,2014-1-1,HLJ
HLJ黑龙江-DXAL大兴安岭-DC-P04-R2,HLJ-DX-0011,52.1003 ,126.1953 ,2014-1-1,HLJ
HLJ黑龙江-DXAL大兴安岭-DC-P04-R3,HLJ-DX-0012,52.1034 ,126.1972 ,2014-1-1,HLJ
HLJ黑龙江-DXAL大兴安岭-DC-P05-R1,HLJ-DX-0013,51.6374 ,126.2336 ,2014-1-1,HLJ
HLJ黑龙江-DXAL大兴安岭-DC-P05-R2,HLJ-DX-0014,51.6381 ,126.2318 ,2014-1-1,HLJ
HLJ黑龙江-DXAL大兴安岭-DC-P05-R3,HLJ-DX-0015,51.6365 ,126.2350 ,2014-1-1,HLJ
HLJ黑龙江-DXAL大兴安岭-DC-P06-R1,HLJ-DX-0016,53.0381 ,123.0844 ,2014-1-1,HLJ
HLJ黑龙江-DXAL大兴安岭-DC-P06-R2,HLJ-DX-0017,53.0383 ,123.0852 ,2014-1-1,HLJ
HLJ黑龙江-DXAL大兴安岭-DC-P06-R3,HLJ-DX-0018,53.0378 ,123.0834 ,2014-1-1,HLJ
HLJ黑龙江-DXAL大兴安岭-DC-P07-R1,HLJ-DX-0019,53.4168 ,122.2606 ,2014-1-1,HLJ
HLJ黑龙江-DXAL大兴安岭-DC-P07-R2,HLJ-DX-0020,53.4173 ,122.2596 ,2014-1-1,HLJ
HLJ黑龙江-DXAL大兴安岭-DC-P07-R3,HLJ-DX-0021,53.4163 ,122.2572 ,2014-1-1,HLJ
HLJ黑龙江-DXAL大兴安岭-DC-P08-R1,HLJ-DX-0022,51.2184 ,126.6607 ,2014-1-1,HLJ
HLJ黑龙江-DXAL大兴安岭-DC-P08-R2,HLJ-DX-0023,51.2183 ,126.6619 ,2014-1-1,HLJ
HLJ黑龙江-DXAL大兴安岭-DC-P08-R3,HLJ-DX-0024,51.2189 ,126.6618 ,2014-1-1,HLJ
HLJ黑龙江-DXAL大兴安岭-DC-P09-R1,HLJ-DX-0025,52.6159 ,123.1994 ,2014-1-1,HLJ
HLJ黑龙江-DXAL大兴安岭-DC-P09-R2,HLJ-DX-0026,52.6160 ,123.1835 ,2014-1-1,HLJ
HLJ黑龙江-DXAL大兴安岭-DC-P09-R3,HLJ-DX-0027,52.6163 ,123.1982 ,2014-1-1,HLJ
HLJ黑龙江-DXAL大兴安岭-DC-P10-R1,HLJ-DX-0028,52.8905 ,124.5485 ,2014-1-1,HLJ
HLJ黑龙江-DXAL大兴安岭-DC-P10-R2,HLJ-DX-0029,52.8916 ,124.5485 ,2014-1-1,HLJ
HLJ黑龙江-DXAL大兴安岭-DC-P10-R3,HLJ-DX-0030,52.8923 ,124.5486 ,2014-1-1,HLJ
HLJ黑龙江-DXAL大兴安岭-DC-P11-R1,HLJ-DX-0031,52.7168 ,122.6398 ,2014-1-1,HLJ
HLJ黑龙江-DXAL大兴安岭-DC-P11-R2,HLJ-DX-0032,52.7174 ,122.6400 ,2014-1-1,HLJ
HLJ黑龙江-DXAL大兴安岭-DC-P11-R3,HLJ-DX-0033,52.7177 ,122.6400 ,2014-1-1,HLJ
HLJ黑龙江-DXAL大兴安岭-DC-P12-R1,HLJ-DX-0034,51.9120 ,123.5932 ,2014-1-1,HLJ
HLJ黑龙江-DXAL大兴安岭-DC-P12-R2,HLJ-DX-0035,51.9121 ,123.5928 ,2014-1-1,HLJ
HLJ黑龙江-DXAL大兴安岭-DC-P12-R3,HLJ-DX-0036,51.9121 ,123.5914 ,2014-1-1,HLJ
HLJ黑龙江-DXAL大兴安岭-DC-P13-R1,HLJ-DX-0037,50.3562 ,124.8087 ,2014-1-1,HLJ
HLJ黑龙江-DXAL大兴安岭-DC-P13-R2,HLJ-DX-0038,50.3565 ,124.8092 ,2014-1-1,HLJ
HLJ黑龙江-DXAL大兴安岭-DC-P13-R3,HLJ-DX-0039,50.3626 ,124.8125 ,2014-1-1,HLJ
HLJ黑龙江-DXAL大兴安岭-DC-P14-R1,HLJ-DX-0040,50.5110 ,125.1187 ,2014-1-1,HLJ
HLJ黑龙江-DXAL大兴安岭-DC-P14-R2,HLJ-DX-0041,50.5117 ,125.1177 ,2014-1-1,HLJ
HLJ黑龙江-DXAL大兴安岭-DC-P14-R3,HLJ-DX-0042,50.5105 ,125.1190 ,2014-1-1,HLJ
HLJ黑龙江-DXAL大兴安岭-DC-P15-R1,HLJ-DX-0043,50.2631 ,124.2379 ,2014-1-1,HLJ
HLJ黑龙江-DXAL大兴安岭-DC-P15-R2,HLJ-DX-0044,50.2634 ,124.2388 ,2014-1-1,HLJ
HLJ黑龙江-DXAL大兴安岭-DC-P15-R3,HLJ-DX-0045,50.2627 ,124.2369 ,2014-1-1,HLJ
HLJ黑龙江-DXAL大兴安岭-DC-P16-R1,HLJ-DX-0046,52.7000 ,123.7503 ,2014-1-1,HLJ
HLJ黑龙江-DXAL大兴安岭-DC-P16-R2,HLJ-DX-0047,52.7001 ,123.7506 ,2014-1-1,HLJ
HLJ黑龙江-DXAL大兴安岭-DC-P16-R3,HLJ-DX-0048,52.7004 ,123.7509 ,2014-1-1,HLJ
HLJ黑龙江-DXAL大兴安岭-DC-P17-R1,HLJ-DX-0049,51.8390 ,124.5350 ,2014-1-1,HLJ
HLJ黑龙江-DXAL大兴安岭-DC-P17-R2,HLJ-DX-0050,51.8399 ,124.5353 ,2014-1-1,HLJ
HLJ黑龙江-DXAL大兴安岭-DC-P17-R3,HLJ-DX-0051,51.8407 ,124.5346 ,2014-1-1,HLJ
HLJ黑龙江-DXAL大兴安岭-DC-P18-R1,HLJ-DX-0052,52.0759 ,123.5636 ,2014-1-1,HLJ
HLJ黑龙江-DXAL大兴安岭-DC-P18-R2,HLJ-DX-0053,52.0744 ,123.5611 ,2014-1-1,HLJ
HLJ黑龙江-DXAL大兴安岭-DC-P18-R3,HLJ-DX-0054,52.0668 ,123.5606 ,2014-1-1,HLJ
HLJ黑龙江-DXAL大兴安岭-DC-P19-R1,HLJ-DX-0055,52.8388 ,125.2372 ,2014-1-1,HLJ
HLJ黑龙江-DXAL大兴安岭-DC-P19-R2,HLJ-DX-0056,52.8389 ,125.2357 ,2014-1-1,HLJ
HLJ黑龙江-DXAL大兴安岭-DC-P19-R3,HLJ-DX-0057,52.8378 ,125.2337 ,2014-1-1,HLJ
HLJ黑龙江-DXAL大兴安岭-DC-P20-R1,HLJ-DX-0058,50.3242 ,124.1153 ,2014-1-1,HLJ
HLJ黑龙江-DXAL大兴安岭-DC-P20-R2,HLJ-DX-0059,50.3231 ,124.1142 ,2014-1-1,HLJ
HLJ黑龙江-DXAL大兴安岭-DC-P20-R3,HLJ-DX-0060,50.3228 ,124.1136 ,2014-1-1,HLJ
HLJ黑龙江-DXAL大兴安岭-DC-P21-R1,HLJ-DX-0061,51.8485 ,126.4621 ,2014-1-1,HLJ
HLJ黑龙江-DXAL大兴安岭-DC-P21-R2,HLJ-DX-0062,51.8491 ,126.4625 ,2014-1-1,HLJ
HLJ黑龙江-DXAL大兴安岭-DC-P21-R3,HLJ-DX-0063,51.8492 ,126.4647 ,2014-1-1,HLJ
HLJ黑龙江-DXAL大兴安岭-DC-P22-R1,HLJ-DX-0064,51.6187 ,123.5404 ,2014-1-1,HLJ
HLJ黑龙江-DXAL大兴安岭-DC-P22-R2,HLJ-DX-0065,51.6188 ,123.5398 ,2014-1-1,HLJ
HLJ黑龙江-DXAL大兴安岭-DC-P22-R3,HLJ-DX-0066,51.6188 ,123.5395 ,2014-1-1,HLJ
HLJ黑龙江-DXAL大兴安岭-DC-P23-R1,HLJ-DX-0067,51.6385 ,124.1105 ,2014-1-1,HLJ
HLJ黑龙江-DXAL大兴安岭-DC-P23-R2,HLJ-DX-0068,51.6385 ,124.1120 ,2014-1-1,HLJ
HLJ黑龙江-DXAL大兴安岭-DC-P23-R3,HLJ-DX-0069,51.6379 ,124.1115 ,2014-1-1,HLJ
HLJ黑龙江-DXAL大兴安岭-DC-P24-R1,HLJ-DX-0070,50.9193 ,124.3972 ,2014-1-1,HLJ
HLJ黑龙江-DXAL大兴安岭-DC-P24-R2,HLJ-DX-0071,50.9190 ,124.3976 ,2014-1-1,HLJ
HLJ黑龙江-DXAL大兴安岭-DC-P24-R3,HLJ-DX-0072,50.9193 ,124.3984 ,2014-1-1,HLJ
NMG内蒙古-ALH阿里河-DC-P26-R1,NMG-AL-0051,50.5464 ,123.8804 ,2014-1-1,NMG
NMG内蒙古-ALH阿里河-DC-P26-R2,NMG-AL-0052,50.5464 ,123.8809 ,2014-1-1,NMG
NMG内蒙古-ALH阿里河-DC-P27-R1,NMG-AL-0053,50.5489 ,123.8808 ,2014-1-1,NMG
NMG内蒙古-ALH阿里河-DC-P27-R2,NMG-AL-0054,50.5491 ,123.8802 ,2014-1-1,NMG
NMG内蒙古-ALH阿里河-FC-P28-R1,NMG-AL-0055,50.5848 ,123.7515 ,2014-1-1,NMG
NMG内蒙古-ALH阿里河-FC-P28-R2,NMG-AL-0056,50.5854 ,123.7508 ,2014-1-1,NMG
NMG内蒙古-ALH阿里河-FC-P28-R3,NMG-AL-0057,50.5861 ,123.7504 ,2014-1-1,NMG
NMG内蒙古-ALS阿龙山-DC-P21-R1,NMG-AL-0041,51.7069 ,121.9118 ,2014-1-1,NMG
NMG内蒙古-ALS阿龙山-DC-P21-R2,NMG-AL-0042,51.7068 ,121.9114 ,2014-1-1,NMG
NMG内蒙古-ALS阿龙山-DC-P22-R1,NMG-AL-0043,51.7077 ,121.9167 ,2014-1-1,NMG
NMG内蒙古-ALS阿龙山-DC-P22-R2,NMG-AL-0044,51.7081 ,121.9174 ,2014-1-1,NMG
NMG内蒙古-GH根河-DC-P01-R1,NMG-GH-0001,51.0017 ,121.0531 ,2014-1-1,NMG
NMG内蒙古-GH根河-DC-P01-R2,NMG-GH-0002,51.0036 ,121.0519 ,2014-1-1,NMG
NMG内蒙古-GH根河-DC-P02-R1,NMG-GH-0003,50.9931 ,121.0275 ,2014-1-1,NMG
NMG内蒙古-GH根河-DC-P02-R2,NMG-GH-0004,50.9928 ,121.0267 ,2014-1-1,NMG
NMG内蒙古-GH根河-DC-P03-R1,NMG-GH-0005,51.0125 ,121.0083 ,2014-1-1,NMG
NMG内蒙古-GH根河-DC-P03-R2,NMG-GH-0006,51.0131 ,121.0064 ,2014-1-1,NMG
NMG内蒙古-GH根河-DC-P04-R1,NMG-GH-0007,50.4842 ,121.4122 ,2014-1-1,NMG
NMG内蒙古-GH根河-DC-P04-R2,NMG-GH-0008,50.4689 ,121.3947 ,2014-1-1,NMG
NMG内蒙古-GH根河-DC-P05-R1,NMG-GH-0009,50.4728 ,121.3917 ,2014-1-1,NMG
NMG内蒙古-GH根河-DC-P05-R2,NMG-GH-0010,50.4911 ,121.4294 ,2014-1-1,NMG
NMG内蒙古-GH根河-DC-P15-R1,NMG-GH-0029,50.8660 ,121.5052 ,2014-1-1,NMG
NMG内蒙古-GH根河-DC-P15-R2,NMG-GH-0030,50.9037 ,121.4996 ,2014-1-1,NMG
NMG内蒙古-GH根河-DC-P16-R1,NMG-GH-0031,50.9033 ,121.4986 ,2014-1-1,NMG
NMG内蒙古-GH根河-DC-P16-R2,NMG-GH-0032,50.9031 ,121.4997 ,2014-1-1,NMG
NMG内蒙古-GH根河-DC-P17-R1,NMG-GH-0033,50.9439 ,121.4925 ,2014-1-1,NMG
NMG内蒙古-GH根河-DC-P17-R2,NMG-GH-0034,50.9439 ,121.4932 ,2014-1-1,NMG
NMG内蒙古-GH根河-DC-P18-R1,NMG-GH-0035,50.9060 ,121.5013 ,2014-1-1,NMG
NMG内蒙古-GH根河-DC-P18-R2,NMG-GH-0036,50.9061 ,121.5008 ,2014-1-1,NMG
NM-内蒙-HLE-海拉尔-FC-P01-R1,NMG-LE-0221,48.1721 ,119.9318 ,2014-1-1,NMG
NM-内蒙-HLE-海拉尔-FC-P01-R2,NMG-LE-0222,48.1641 ,119.9285 ,2014-1-1,NMG
NM-内蒙-HLE-海拉尔-FC-P01-R3,NMG-LE-0223,48.1838 ,119.9375 ,2014-1-1,NMG
NM-内蒙-HUBE-呼伦贝尔-FC-P01-R1,NMG-UB-0182,50.9161 ,121.5062 ,2014-1-1,NMG
NM-内蒙-HUBE-呼伦贝尔-FC-P01-R2,NMG-UB-0183,50.9442 ,121.4917 ,2014-1-1,NMG
NM-内蒙-HUBE-呼伦贝尔-FC-P01-R3,NMG-UB-0184,50.9437 ,121.4926 ,2014-1-1,NMG
NM-内蒙-HUBE-呼伦贝尔-FC-P02-R1,NMG-UB-0185,50.5161 ,123.5808 ,2014-1-1,NMG
NM-内蒙-HUBE-呼伦贝尔-FC-P02-R2,NMG-UB-0186,50.5149 ,123.9153 ,2014-1-1,NMG
NM-内蒙-HUBE-呼伦贝尔-FC-P02-R3,NMG-UB-0187,50.5138 ,123.5828 ,2014-1-1,NMG
NM-内蒙-HUBE-呼伦贝尔-FC-P03-R1,NMG-UB-0188,50.5132 ,122.4005 ,2014-1-1,NMG
NM-内蒙-HUBE-呼伦贝尔-FC-P03-R2,NMG-UB-0189,50.5357 ,122.3366 ,2014-1-1,NMG
NM-内蒙-HUBE-呼伦贝尔-FC-P03-R3,NMG-UB-0190,50.5028 ,122.3396 ,2014-1-1,NMG
NM-内蒙-HUBE-呼伦贝尔-FC-P04-R1,NMG-UB-0191,51.2899 ,121.4264 ,2014-1-1,NMG
NM-内蒙-HUBE-呼伦贝尔-FC-P04-R2,NMG-UB-0192,51.3265 ,121.4584 ,2014-1-1,NMG
NM-内蒙-HUBE-呼伦贝尔-FC-P04-R3,NMG-UB-0193,51.3435 ,121.4969 ,2014-1-1,NMG
NM-内蒙-HUBE-呼伦贝尔-FC-P05-R1,NMG-UB-0194,51.3612 ,120.6540 ,2014-1-1,NMG
NM-内蒙-HUBE-呼伦贝尔-FC-P05-R2,NMG-UB-0195,51.3611 ,120.6541 ,2014-1-1,NMG
NM-内蒙-HUBE-呼伦贝尔-FC-P05-R3,NMG-UB-0196,51.5313 ,120.3184 ,2014-1-1,NMG
NM-内蒙-HUBE-呼伦贝尔-FC-P06-R1,NMG-UB-0197,51.9588 ,120.8471 ,2014-1-1,NMG
NM-内蒙-HUBE-呼伦贝尔-FC-P06-R2,NMG-UB-0198,51.9588 ,120.8468 ,2014-1-1,NMG
NM-内蒙-HUBE-呼伦贝尔-FC-P06-R3,NMG-UB-0199,51.9590 ,120.8429 ,2014-1-1,NMG
NM-内蒙-HUBE-呼伦贝尔-FC-P07-R1,NMG-UB-0200,51.9589 ,120.8421 ,2014-1-1,NMG
NM-内蒙-HUBE-呼伦贝尔-FC-P07-R2,NMG-UB-0201,51.2855 ,120.7448 ,2014-1-1,NMG
NM-内蒙-HUBE-呼伦贝尔-FC-P07-R3,NMG-UB-0202,51.2839 ,120.7428 ,2014-1-1,NMG
NM-内蒙-HUBE-呼伦贝尔-FC-P08-R1,NMG-UB-0203,50.0041 ,122.0594 ,2014-1-1,NMG
NM-内蒙-HUBE-呼伦贝尔-FC-P08-R2,NMG-UB-0204,49.9881 ,121.8394 ,2014-1-1,NMG
NM-内蒙-HUBE-呼伦贝尔-FC-P08-R3,NMG-UB-0205,49.9881 ,121.8067 ,2014-1-1,NMG
NM-内蒙-HUBE-呼伦贝尔-FC-P09-R1,NMG-UB-0206,50.3443 ,121.0969 ,2014-1-1,NMG
NM-内蒙-HUBE-呼伦贝尔-FC-P09-R2,NMG-UB-0207,50.3626 ,121.1253 ,2014-1-1,NMG
NM-内蒙-HUBE-呼伦贝尔-FC-P09-R3,NMG-UB-0208,50.3762 ,121.1594 ,2014-1-1,NMG
NM-内蒙-HUBE-呼伦贝尔-FC-P10-R1,NMG-UB-0209,49.5937 ,121.8863 ,2014-1-1,NMG
NM-内蒙-HUBE-呼伦贝尔-FC-P10-R2,NMG-UB-0210,49.5827 ,121.8956 ,2014-1-1,NMG
NM-内蒙-HUBE-呼伦贝尔-FC-P10-R3,NMG-UB-0211,49.5846 ,121.8948 ,2014-1-1,NMG
NM-内蒙-HUBE-呼伦贝尔-FC-P11-R1,NMG-UB-0212,48.0626 ,121.4550 ,2014-1-1,NMG
NM-内蒙-HUBE-呼伦贝尔-FC-P11-R2,NMG-UB-0213,48.0167 ,121.2808 ,2014-1-1,NMG
NM-内蒙-HUBE-呼伦贝尔-FC-P11-R3,NMG-UB-0214,48.0162 ,121.2805 ,2014-1-1,NMG
NM-内蒙-HUBE-呼伦贝尔-FC-P12-R1,NMG-UB-0215,48.0642 ,121.4436 ,2014-1-1,NMG
NM-内蒙-HUBE-呼伦贝尔-FC-P12-R2,NMG-UB-0216,48.0739 ,121.4299 ,2014-1-1,NMG
NM-内蒙-HUBE-呼伦贝尔-FC-P12-R3,NMG-UB-0217,48.0693 ,121.4241 ,2014-1-1,NMG
NMG内蒙古-JH金河-DC-P19-R1,NMG-JH-0037,51.3013 ,121.4541 ,2014-1-1,NMG
NMG内蒙古-JH金河-DC-P19-R2,NMG-JH-0038,51.3016 ,121.4542 ,2014-1-1,NMG
NMG内蒙古-JH金河-DC-P20-R1,NMG-JH-0039,51.3093 ,121.7952 ,2014-1-1,NMG
NMG内蒙古-JH金河-DC-P20-R2,NMG-JH-0040,51.3089 ,121.7945 ,2014-1-1,NMG
NMG内蒙古-MG满归-DC-P23-R1,NMG-MG-0045,52.0456 ,121.7795 ,2014-1-1,NMG
NMG内蒙古-MG满归-DC-P23-R2,NMG-MG-0046,52.0455 ,121.0297 ,2014-1-1,NMG
NMG内蒙古-MG满归-DC-P24-R1,NMG-MG-0047,52.0460 ,121.0294 ,2014-1-1,NMG
NMG内蒙古-MG满归-DC-P24-R2,NMG-MG-0048,52.0461 ,121.0300 ,2014-1-1,NMG
NMG内蒙古-MG满归-DC-P25-R1,NMG-MG-0049,52.0463 ,121.0304 ,2014-1-1,NMG
NMG内蒙古-MG满归-DC-P25-R2,NMG-MG-0050,52.0465 ,121.0302 ,2014-1-1,NMG
NMG内蒙古-YKS牙克石-DC-P06-R1,NMG-YK-0011,49.6461 ,121.8414 ,2014-1-1,NMG
NMG内蒙古-YKS牙克石-DC-P06-R2,NMG-YK-0012,49.6367 ,121.8508 ,2014-1-1,NMG
NMG内蒙古-YKS牙克石-DC-P07-R1,NMG-YK-0013,49.6350 ,121.8542 ,2014-1-1,NMG
NMG内蒙古-YKS牙克石-DC-P07-R2,NMG-YK-0014,49.6283 ,121.8581 ,2014-1-1,NMG
NMG内蒙古-YKS牙克石-DC-P08-R1,NMG-YK-0015,48.0136 ,121.2806 ,2014-1-1,NMG
NMG内蒙古-YKS牙克石-DC-P08-R2,NMG-YK-0016,48.0158 ,121.2814 ,2014-1-1,NMG
NMG内蒙古-YKS牙克石-DC-P09-R1,NMG-YK-0017,48.0139 ,121.2781 ,2014-1-1,NMG
NMG内蒙古-YKS牙克石-DC-P09-R2,NMG-YK-0018,48.0183 ,121.2778 ,2014-1-1,NMG
NMG内蒙古-YKS牙克石-DC-P10-R1,NMG-YK-0019,47.9192 ,121.0506 ,2014-1-1,NMG
NMG内蒙古-YKS牙克石-DC-P10-R2,NMG-YK-0020,47.9208 ,121.0503 ,2014-1-1,NMG
NMG内蒙古-YKS牙克石-DC-P11-R1,NMG-YK-0021,47.9225 ,121.0597 ,2014-1-1,NMG
NMG内蒙古-YKS牙克石-DC-P11-R2,NMG-YK-0022,47.9192 ,121.0614 ,2014-1-1,NMG
NMG内蒙古-AES阿尔山-DC-P12-R1,NMG-AE-0023,47.3033 ,121.8950 ,2014-1-1,NMG
NMG内蒙古-AES阿尔山-DC-P12-R2,NMG-AE-0024,47.3031 ,121.8981 ,2014-1-1,NMG
NMG内蒙古-AES阿尔山-DC-P13-R1,NMG-AE-0025,47.3106 ,121.9592 ,2014-1-1,NMG
NMG内蒙古-AES阿尔山-DC-P13-R2,NMG-AE-0026,47.3111 ,121.9614 ,2014-1-1,NMG
NMG内蒙古-WLHT乌兰浩特-FC-P14-R1,NMG-WL-0027,47.0861 ,121.0911 ,2014-1-1,NMG
NMG内蒙古-WLHT乌兰浩特-FC-P14-R2,NMG-WL-0028,47.0861 ,121.0911 ,2014-1-1,NMG
NMG内蒙古-XAM兴安盟-DC-P01-R1,NMG-XA-0070,46.9554 ,120.6534 ,2014-1-1,NMG
NMG内蒙古-XAM兴安盟-DC-P01-R2,NMG-XA-0071,46.9559 ,120.6532 ,2014-1-1,NMG
NMG内蒙古-XAM兴安盟-DC-P01-R3,NMG-XA-0072,46.9549 ,120.6543 ,2014-1-1,NMG
NMG内蒙古-XAM兴安盟-DC-P02-R1,NMG-XA-0108,46.7630 ,120.8163 ,2014-1-1,NMG
NMG内蒙古-XAM兴安盟-DC-P03-R1,NMG-XA-0109,46.9349 ,120.7647 ,2014-1-1,NMG
NMG内蒙古-XAM兴安盟-DC-P04-R1,NMG-XA-0110,46.9377 ,120.7695 ,2014-1-1,NMG
NMG内蒙古-XAM兴安盟-DC-P05-R1,NMG-XA-0111,46.9479 ,120.7475 ,2014-1-1,NMG
NMG内蒙古-XAM兴安盟-DC-P06-R1,NMG-XA-0112,46.8536 ,120.7518 ,2014-1-1,NMG
NMG内蒙古-XAM兴安盟-DC-P07-R1,NMG-XA-0113,46.7781 ,120.7928 ,2014-1-1,NMG
NMG内蒙古-XAM兴安盟-DC-P08-R1,NMG-XA-0114,46.9375 ,120.7662 ,2014-1-1,NMG
NMG内蒙古-XAM兴安盟-DC-P09-R1,NMG-XA-0115,46.9365 ,120.7777 ,2014-1-1,NMG
NMG内蒙古-XAM兴安盟-DC-P10-R1,NMG-XA-0116,46.9511 ,120.6797 ,2014-1-1,NMG
NMG内蒙古-XAM兴安盟-DC-P11-R1,NMG-XA-0117,46.9545 ,120.6735 ,2014-1-1,NMG
NMG内蒙古-XAM兴安盟-FC-P01-R1,NMG-XA-0073,46.9725 ,120.6283 ,2014-1-1,NMG
NMG内蒙古-XAM兴安盟-FC-P01-R2,NMG-XA-0074,46.9405 ,120.6273 ,2014-1-1,NMG
NMG内蒙古-XAM兴安盟-FC-P01-R3,NMG-XA-0075,46.9733 ,120.6270 ,2014-1-1,NMG
NMG内蒙古-XAM兴安盟-FC-P02-R1,NMG-XA-0076,46.9546 ,120.6540 ,2014-1-1,NMG
NMG内蒙古-XAM兴安盟-FC-P02-R2,NMG-XA-0077,46.9540 ,120.6560 ,2014-1-1,NMG
NMG内蒙古-XAM兴安盟-FC-P02-R3,NMG-XA-0078,46.9537 ,120.6564 ,2014-1-1,NMG
NMG内蒙古-XAM兴安盟-FC-P03-R1,NMG-XA-0079,46.9090 ,120.7350 ,2014-1-1,NMG
NMG内蒙古-XAM兴安盟-FC-P03-R2,NMG-XA-0080,46.9083 ,120.7351 ,2014-1-1,NMG
NMG内蒙古-XAM兴安盟-FC-P03-R3,NMG-XA-0081,46.9078 ,120.7332 ,2014-1-1,NMG
NMG内蒙古-XAM兴安盟-FC-P04-R1,NMG-XA-0118,46.9398 ,120.7701 ,2014-1-1,NMG
NMG内蒙古-XAM兴安盟-FC-P04-R2,NMG-XA-0119,46.9373 ,120.7675 ,2014-1-1,NMG
NMG内蒙古-XAM兴安盟-FC-P04-R3,NMG-XA-0120,46.9378 ,120.7668 ,2014-1-1,NMG
NMG内蒙古-XAM兴安盟-FC-P05-R1,NMG-XA-0121,46.7636 ,120.7883 ,2014-1-1,NMG
NMG内蒙古-XAM兴安盟-FC-P05-R2,NMG-XA-0122,46.7633 ,120.8180 ,2014-1-1,NMG
NMG内蒙古-XAM兴安盟-FC-P05-R3,NMG-XA-0123,46.7641 ,120.8196 ,2014-1-1,NMG
NM-内蒙-XAM-兴安盟-FC-P06-R1,NMG-AM-0218,47.3101 ,121.9895 ,2014-1-1,NMG
NM-内蒙-XAM-兴安盟-FC-P06-R2,NMG-AM-0219,47.3098 ,121.9912 ,2014-1-1,NMG
NM-内蒙-XAM-兴安盟-FC-P06-R3,NMG-AM-0220,47.3002 ,119.9838 ,2014-1-1,NMG
NMG内蒙古-TL通辽-DC-P01-R1,NMG-TL-0058,42.9657 ,120.7069 ,2014-1-1,NMG
NMG内蒙古-TL通辽-DC-P01-R2,NMG-TL-0059,42.9642 ,120.7089 ,2014-1-1,NMG
NMG内蒙古-TL通辽-DC-P01-R3,NMG-TL-0060,42.9841 ,120.6989 ,2014-1-1,NMG
NMG内蒙古-TL通辽-DC-P02-R1,NMG-TL-0082,44.1305 ,121.7424 ,2014-1-1,NMG
NMG内蒙古-TL通辽-DC-P03-R1,NMG-TL-0083,43.0856 ,122.2645 ,2014-1-1,NMG
NMG内蒙古-TL通辽-DC-P04-R1,NMG-TL-0084,43.0829 ,122.2691 ,2014-1-1,NMG
NMG内蒙古-TL通辽-DC-P05-R1,NMG-TL-0085,42.8922 ,122.2900 ,2014-1-1,NMG
NMG内蒙古-TL通辽-DC-P06-R1,NMG-TL-0086,42.8839 ,122.2775 ,2014-1-1,NMG
NMG内蒙古-TL通辽-DC-P07-R1,NMG-TL-0087,42.9121 ,122.3116 ,2014-1-1,NMG
NMG内蒙古-TL通辽-DC-P08-R1,NMG-TL-0088,42.8469 ,122.0907 ,2014-1-1,NMG
NMG内蒙古-TL通辽-DC-P09-R1,NMG-TL-0089,44.5321 ,120.4970 ,2014-1-1,NMG
NMG内蒙古-TL通辽-DC-P10-R1,NMG-TL-0090,44.4991 ,120.5003 ,2014-1-1,NMG
NMG内蒙古-TL通辽-DC-P11-R1,NMG-TL-0091,44.4985 ,120.5052 ,2014-1-1,NMG
NMG内蒙古-TL通辽-DC-P12-R1,NMG-TL-0092,44.4932 ,120.5305 ,2014-1-1,NMG
NMG内蒙古-TL通辽-FC-P01-R1,NMG-TL-0061,42.9564 ,120.6769 ,2014-1-1,NMG
NMG内蒙古-TL通辽-FC-P01-R2,NMG-TL-0062,42.9548 ,120.6800 ,2014-1-1,NMG
NMG内蒙古-TL通辽-FC-P01-R3,NMG-TL-0063,42.9553 ,120.6784 ,2014-1-1,NMG
NMG内蒙古-TL通辽-FC-P02-R1,NMG-TL-0064,42.9565 ,120.5404 ,2014-1-1,NMG
NMG内蒙古-TL通辽-FC-P02-R2,NMG-TL-0065,42.9587 ,120.5392 ,2014-1-1,NMG
NMG内蒙古-TL通辽-FC-P02-R3,NMG-TL-0066,42.9573 ,120.5392 ,2014-1-1,NMG
NMG内蒙古-TL通辽-FC-P03-R1,NMG-TL-0067,42.9393 ,120.7139 ,2014-1-1,NMG
NMG内蒙古-TL通辽-FC-P03-R2,NMG-TL-0068,42.9419 ,120.7126 ,2014-1-1,NMG
NMG内蒙古-TL通辽-FC-P03-R3,NMG-TL-0069,42.9377 ,120.7606 ,2014-1-1,NMG
NMG内蒙古-TL通辽-FC-P04-R1,NMG-TL-0093,44.5404 ,120.4752 ,2014-1-1,NMG
NMG内蒙古-TL通辽-FC-P04-R2,NMG-TL-0094,44.5381 ,120.4775 ,2014-1-1,NMG
NMG内蒙古-TL通辽-FC-P04-R3,NMG-TL-0095,44.5397 ,120.4759 ,2014-1-1,NMG
NMG内蒙古-TL通辽-FC-P05-R1,NMG-TL-0096,44.5173 ,120.4982 ,2014-1-1,NMG
NMG内蒙古-TL通辽-FC-P05-R2,NMG-TL-0097,44.5656 ,120.4985 ,2014-1-1,NMG
NMG内蒙古-TL通辽-FC-P05-R3,NMG-TL-0098,44.5140 ,120.4977 ,2014-1-1,NMG
NMG内蒙古-TL通辽-FC-P06-R1,NMG-TL-0099,44.4975 ,120.4988 ,2014-1-1,NMG
NMG内蒙古-TL通辽-FC-P06-R2,NMG-TL-0100,44.4964 ,120.4989 ,2014-1-1,NMG
NMG内蒙古-TL通辽-FC-P06-R3,NMG-TL-0101,44.4962 ,120.5007 ,2014-1-1,NMG
NMG内蒙古-TL通辽-FC-P07-R1,NMG-TL-0102,44.1198 ,121.7647 ,2014-1-1,NMG
NMG内蒙古-TL通辽-FC-P07-R2,NMG-TL-0103,44.1227 ,121.7656 ,2014-1-1,NMG
NMG内蒙古-TL通辽-FC-P07-R3,NMG-TL-0104,44.1227 ,121.7623 ,2014-1-1,NMG
NMG内蒙古-TL通辽-FC-P08-R1,NMG-TL-0105,42.8986 ,121.8030 ,2014-1-1,NMG
NMG内蒙古-TL通辽-FC-P08-R2,NMG-TL-0106,42.8962 ,121.7957 ,2014-1-1,NMG
NMG内蒙古-TL通辽-FC-P08-R3,NMG-TL-0107,42.8950 ,121.7953 ,2014-1-1,NMG
NM内蒙-CF赤峰-DC-P01-R1,NMG-CF-0136,42.4965 ,119.9798 ,2014-1-1,NMG
NM内蒙-CF赤峰-DC-P02-R1,NMG-CF-0137,42.5043 ,119.7187 ,2014-1-1,NMG
NM内蒙-CF赤峰-DC-P03-R1,NMG-CF-0138,42.4984 ,119.7768 ,2014-1-1,NMG
NM内蒙-CF赤峰-DC-P04-R1,NMG-CF-0139,42.4976 ,119.6921 ,2014-1-1,NMG
NM内蒙-CF赤峰-DC-P05-R1,NMG-CF-0140,41.8515 ,118.8004 ,2014-1-1,NMG
NM内蒙-CF赤峰-DC-P06-R1,NMG-CF-0141,41.8518 ,118.8017 ,2014-1-1,NMG
NM内蒙-CF赤峰-DC-P07-R1,NMG-CF-0142,41.8697 ,118.7984 ,2014-1-1,NMG
NM内蒙-CF赤峰-DC-P08-R1,NMG-CF-0143,41.8734 ,118.8018 ,2014-1-1,NMG
NM内蒙-CF赤峰-DC-P09-R1,NMG-CF-0144,41.8876 ,118.7767 ,2014-1-1,NMG
NM内蒙-CF赤峰-DC-P10-R1,NMG-CF-0145,41.8602 ,118.7997 ,2014-1-1,NMG
NM内蒙-CF赤峰-DC-P11-R1,NMG-CF-0146,41.9031 ,118.7787 ,2014-1-1,NMG
NM内蒙-CF赤峰-DC-P12-R1,NMG-CF-0147,41.9026 ,118.7785 ,2014-1-1,NMG
NM内蒙-CF赤峰-DC-P13-R1,NMG-CF-0148,41.7059 ,118.5067 ,2014-1-1,NMG
NM内蒙-CF赤峰-DC-P14-R1,NMG-CF-0149,41.7255 ,118.5110 ,2014-1-1,NMG
NM内蒙-CF赤峰-DC-P15-R1,NMG-CF-0150,42.3031 ,118.9988 ,2014-1-1,NMG
NM内蒙-CF赤峰-DC-P16-R1,NMG-CF-0151,42.2941 ,119.0143 ,2014-1-1,NMG
NM内蒙-CF赤峰-DC-P17-R1,NMG-CF-0152,42.2909 ,119.0162 ,2014-1-1,NMG
NM内蒙-CF赤峰-DC-P19-R1,NMG-CF-0153,42.3194 ,118.9120 ,2014-1-1,NMG
NM内蒙-CF赤峰-DC-P20-R1,NMG-CF-0154,42.3246 ,118.9257 ,2014-1-1,NMG
NM内蒙-CF赤峰-DC-P21-R1,NMG-CF-0155,43.2150 ,117.4346 ,2014-1-1,NMG
NM内蒙-CF赤峰-DC-P22-R1,NMG-CF-0156,43.2014 ,117.4302 ,2014-1-1,NMG
NM内蒙-CF赤峰-DC-P23-R1,NMG-CF-0157,43.5156 ,117.1834 ,2014-1-1,NMG
NM内蒙-CF赤峰-FC-P01-R1,NMG-CF-0158,42.3689 ,120.0860 ,2014-1-1,NMG
NM内蒙-CF赤峰-FC-P01-R2,NMG-CF-0159,42.3698 ,120.0956 ,2014-1-1,NMG
NM内蒙-CF赤峰-FC-P01-R3,NMG-CF-0160,42.3723 ,120.0950 ,2014-1-1,NMG
NM内蒙-CF赤峰-FC-P02-R1,NMG-CF-0161,42.5003 ,119.7160 ,2014-1-1,NMG
NM内蒙-CF赤峰-FC-P02-R2,NMG-CF-0162,42.5000 ,119.7151 ,2014-1-1,NMG
NM内蒙-CF赤峰-FC-P02-R3,NMG-CF-0163,42.4994 ,119.7158 ,2014-1-1,NMG
NM内蒙-CF赤峰-FC-P03-R1,NMG-CF-0164,42.3691 ,120.0964 ,2014-1-1,NMG
NM内蒙-CF赤峰-FC-P03-R2,NMG-CF-0165,42.3720 ,120.0957 ,2014-1-1,NMG
NM内蒙-CF赤峰-FC-P03-R3,NMG-CF-0166,42.3727 ,120.0955 ,2014-1-1,NMG
NM内蒙-CF赤峰-FC-P04-R1,NMG-CF-0167,41.8603 ,118.8021 ,2014-1-1,NMG
NM内蒙-CF赤峰-FC-P04-R2,NMG-CF-0168,41.8597 ,118.8034 ,2014-1-1,NMG
NM内蒙-CF赤峰-FC-P04-R3,NMG-CF-0169,41.8586 ,118.8020 ,2014-1-1,NMG
NM内蒙-CF赤峰-FC-P05-R1,NMG-CF-0170,41.7323 ,118.5143 ,2014-1-1,NMG
NM内蒙-CF赤峰-FC-P05-R2,NMG-CF-0171,41.7308 ,118.5131 ,2014-1-1,NMG
NM内蒙-CF赤峰-FC-P05-R3,NMG-CF-0172,41.7296 ,118.5136 ,2014-1-1,NMG
NM内蒙-CF赤峰-FC-P06-R1,NMG-CF-0173,42.2561 ,119.0230 ,2014-1-1,NMG
NM内蒙-CF赤峰-FC-P06-R2,NMG-CF-0174,42.2562 ,119.0247 ,2014-1-1,NMG
NM内蒙-CF赤峰-FC-P06-R3,NMG-CF-0175,42.2553 ,119.0273 ,2014-1-1,NMG
NM内蒙-CF赤峰-FC-P07-R1,NMG-CF-0176,43.2495 ,117.0666 ,2014-1-1,NMG
NM内蒙-CF赤峰-FC-P07-R2,NMG-CF-0177,43.2514 ,117.0696 ,2014-1-1,NMG
NM内蒙-CF赤峰-FC-P07-R3,NMG-CF-0178,43.2538 ,117.0651 ,2014-1-1,NMG
NM内蒙-CF赤峰-FC-P08-R1,NMG-CF-0179,43.2172 ,117.1074 ,2014-1-1,NMG
NM内蒙-CF赤峰-FC-P08-R2,NMG-CF-0180,43.2144 ,117.1190 ,2014-1-1,NMG
NM内蒙-CF赤峰-FC-P08-R3,NMG-CF-0181,43.1651 ,117.2297 ,2014-1-1,NMG
NM内蒙-XLGLM锡林郭勒盟-DC-P01-R1,NMG-XL-0130,44.3816 ,118.1446 ,2014-1-1,NMG
NM内蒙-XLGLM锡林郭勒盟-DC-P02-R1,NMG-XL-0131,44.5097 ,117.0907 ,2014-1-1,NMG
NM内蒙-XLGLM锡林郭勒盟-DC-P03-R1,NMG-XL-0132,43.6321 ,116.6541 ,2014-1-1,NMG
NM内蒙-XLGLM锡林郭勒盟-DC-P04-R1,NMG-XL-0133,42.1174 ,116.4452 ,2014-1-1,NMG
NM内蒙-XLGLM锡林郭勒盟-DC-P05-R1,NMG-XL-0134,42.1335 ,116.4641 ,2014-1-1,NMG
NM内蒙-XLGLM锡林郭勒盟-DC-P06-R1,NMG-XL-0135,42.1518 ,116.4477 ,2014-1-1,NMG
NM内蒙-XLGLM锡林郭勒盟-FC-P01-R1,NMG-XL-0124,44.3711 ,118.1536 ,2014-1-1,NMG
NM内蒙-XLGLM锡林郭勒盟-FC-P01-R2,NMG-XL-0125,44.3677 ,118.1584 ,2014-1-1,NMG
NM内蒙-XLGLM锡林郭勒盟-FC-P01-R3,NMG-XL-0126,44.3646 ,118.1526 ,2014-1-1,NMG
NM内蒙-XLGLM锡林郭勒盟-FC-P02-R1,NMG-XL-0127,42.1525 ,116.3931 ,2014-1-1,NMG
NM内蒙-XLGLM锡林郭勒盟-FC-P02-R2,NMG-XL-0128,42.1551 ,116.3895 ,2014-1-1,NMG
NM内蒙-XLGLM锡林郭勒盟-FC-P02-R3,NMG-XL-0129,42.1491 ,116.4104 ,2014-1-1,NMG
JL吉林-JL吉林-FC-P01-R1,JL-JL-0001,43.6279 ,126.0292 ,2014-1-1,JL
JL吉林-JL吉林-FC-P01-R2,JL-JL-0002,43.6277 ,126.0279 ,2014-1-1,JL
JL吉林-JL吉林-FC-P01-R3,JL-JL-0003,43.6282 ,126.0272 ,2014-1-1,JL
JL吉林-HD桦甸-FC-P01-R1,JL-HD-0004,43.4590 ,126.8066 ,2014-1-1,JL
JL吉林-HD桦甸-FC-P01-R2,JL-HD-0005,43.4592 ,126.8078 ,2014-1-1,JL
JL吉林-HD桦甸-FC-P01-R3,JL-HD-0006,43.4584 ,126.8065 ,2014-1-1,JL
JL吉林-YB延边-FC-P01-R1,JL-YB-0007,43.6646 ,129.9733 ,2014-1-1,JL
JL吉林-YB延边-FC-P01-R2,JL-YB-0008,43.6638 ,129.9744 ,2014-1-1,JL
JL吉林-YB延边-FC-P01-R3,JL-YB-0009,43.6654 ,129.9719 ,2014-1-1,JL
JL吉林-HD桦甸-FC-P02-R1,JL-HD-0010,44.3730 ,126.9121 ,2014-1-1,JL
JL吉林-HD桦甸-FC-P02-R2,JL-HD-0011,43.3726 ,126.9133 ,2014-1-1,JL
JL吉林-HD桦甸-FC-P02-R3,JL-HD-0012,43.3731 ,126.9149 ,2014-1-1,JL
JL吉林-YB延边-FC-P02-R1,JL-YB-0013,43.4786 ,129.3478 ,2014-1-1,JL
JL吉林-YB延边-FC-P02-R2,JL-YB-0014,43.4791 ,129.3484 ,2014-1-1,JL
JL吉林-YB延边-FC-P02-R3,JL-YB-0015,43.4786 ,129.3495 ,2014-1-1,JL
JL吉林-YB延边-FC-P06-R1,JL-YB-0016,43.0466 ,129.0501 ,2014-1-1,JL
JL吉林-YB延边-FC-P06-R2,JL-YB-0017,43.0460 ,129.0502 ,2014-1-1,JL
JL吉林-YB延边-FC-P06-R3,JL-YB-0018,43.0453 ,129.0504 ,2014-1-1,JL
JL吉林-YB延边-FC-P07-R1,JL-YB-0019,43.3284 ,130.1347 ,2014-1-1,JL
JL吉林-YB延边-FC-P07-R2,JL-YB-0020,43.3278 ,130.1342 ,2014-1-1,JL
JL吉林-YB延边-FC-P07-R3,JL-YB-0021,43.3281 ,130.1350 ,2014-1-1,JL
JL吉林-YB延边-FC-P08-R1,JL-YB-0022,42.1329 ,128.2131 ,2014-1-1,JL
JL吉林-YB延边-FC-P08-R2,JL-YB-0023,42.1342 ,128.2127 ,2014-1-1,JL
JL吉林-YB延边-FC-P08-R3,JL-YB-0024,42.1327 ,128.2124 ,2014-1-1,JL
JL吉林-YB延边-FC-P09-R1,JL-YB-0025,43.3917 ,130.1615 ,2014-1-1,JL
JL吉林-YB延边-FC-P09-R2,JL-YB-0026,43.3917 ,130.1628 ,2014-1-1,JL
JL吉林-YB延边-FC-P09-R3,JL-YB-0027,43.3930 ,130.1613 ,2014-1-1,JL
JL吉林-YB延边-FC-P10-R1,JL-YB-0028,42.3986 ,128.4609 ,2014-1-1,JL
JL吉林-YB延边-FC-P10-R2,JL-YB-0029,42.3981 ,128.4607 ,2014-1-1,JL
JL吉林-YB延边-FC-P10-R3,JL-YB-0030,42.3977 ,128.4616 ,2014-1-1,JL
JL吉林-YB延边-FC-P11-R1,JL-YB-0031,43.3175 ,130.3911 ,2014-1-1,JL
JL吉林-YB延边-FC-P11-R2,JL-YB-0032,43.3189 ,130.3900 ,2014-1-1,JL
JL吉林-YB延边-FC-P11-R3,JL-YB-0033,43.3081 ,130.3886 ,2014-1-1,JL
JL吉林-YB延边-FC-P12-R1,JL-YB-0034,42.4859 ,127.7715 ,2014-1-1,JL
JL吉林-YB延边-FC-P12-R2,JL-YB-0035,42.4859 ,127.7663 ,2014-1-1,JL
JL吉林-YB延边-FC-P12-R3,JL-YB-0036,42.4850 ,127.7664 ,2014-1-1,JL
JL吉林-YB延边-FC-P13-R1,JL-YB-0037,43.2315 ,130.6118 ,2014-1-1,JL
JL吉林-YB延边-FC-P13-R2,JL-YB-0038,43.2310 ,130.6117 ,2014-1-1,JL
JL吉林-YB延边-FC-P13-R3,JL-YB-0039,43.2324 ,130.6128 ,2014-1-1,JL
JL吉林-BS白山-FC-P01-R1,JL-BS-0040,42.4710 ,127.7711 ,2014-1-1,JL
JL吉林-BS白山-FC-P01-R2,JL-BS-0041,42.4701 ,127.7716 ,2014-1-1,JL
JL吉林-BS白山-FC-P01-R3,JL-BS-0042,42.4698 ,127.7730 ,2014-1-1,JL
JL吉林-BC白城-FC-P01-R1,JL-BC-0043,44.7893 ,123.0267 ,2014-1-1,JL
JL吉林-BC白城-FC-P01-R2,JL-BC-0044,44.7899 ,123.0238 ,2014-1-1,JL
JL吉林-BC白城-FC-P01-R3,JL-BC-0045,44.7882 ,123.0091 ,2014-1-1,JL
JL吉林-LJ临江-FC-P01-R1,JL-LJ-0046,42.0144 ,127.3982 ,2014-1-1,JL
JL吉林-LJ临江-FC-P01-R2,JL-LJ-0047,42.0152 ,127.3979 ,2014-1-1,JL
JL吉林-LJ临江-FC-P01-R3,JL-LJ-0048,42.0145 ,127.4004 ,2014-1-1,JL
JL吉林-YB延边-FC-P03-R1,JL-YB-0049,43.0015 ,127.9839 ,2014-1-1,JL
JL吉林-YB延边-FC-P03-R2,JL-YB-0050,43.0044 ,127.9840 ,2014-1-1,JL
JL吉林-YB延边-FC-P03-R3,JL-YB-0051,43.0213 ,127.9897 ,2014-1-1,JL
JL吉林-YB延边-FC-P04-R1,JL-YB-0052,42.3533 ,127.9625 ,2014-1-1,JL
JL吉林-YB延边-FC-P04-R2,JL-YB-0053,42.3539 ,127.9532 ,2014-1-1,JL
JL吉林-YB延边-FC-P04-R3,JL-YB-0054,42.3521 ,127.9421 ,2014-1-1,JL
JL吉林-YB延边-FC-P05-R1,JL-YB-0055,42.3601 ,128.0378 ,2014-1-1,JL
JL吉林-YB延边-FC-P05-R2,JL-YB-0056,42.4336 ,128.0654 ,2014-1-1,JL
JL吉林-YB延边-FC-P05-R3,JL-YB-0057,42.4233 ,128.0489 ,2014-1-1,JL
JL吉林-YB延边-FC-P14-R1,JL-YB-0058,42.3992 ,128.0953 ,2014-1-1,JL
JL吉林-YB延边-FC-P14-R2,JL-YB-0059,42.3956 ,128.0957 ,2014-1-1,JL
JL吉林-YB延边-FC-P14-R3,JL-YB-0060,42.4085 ,128.0879 ,2014-1-1,JL
JL吉林-YB延边-FC-P15-R1,JL-YB-0061,42.5730 ,129.6162 ,2014-1-1,JL
JL吉林-YB延边-FC-P15-R2,JL-YB-0062,42.5732 ,129.6170 ,2014-1-1,JL
JL吉林-YB延边-FC-P15-R3,JL-YB-0063,42.5736 ,129.6226 ,2014-1-1,JL
JL吉林-YB延边-FC-P16-R1,JL-YB-0064,42.4111 ,128.8029 ,2014-1-1,JL
JL吉林-YB延边-FC-P16-R2,JL-YB-0065,42.4072 ,128.7940 ,2014-1-1,JL
JL吉林-YB延边-FC-P16-R3,JL-YB-0066,42.4067 ,128.7901 ,2014-1-1,JL
JL吉林-YB延边-DC-P01-R1,JL-YB-0067,43.4600 ,130.1222 ,2014-1-1,JL
JL吉林-YB延边-DC-P01-R2,JL-YB-0068,43.4591 ,130.1209 ,2014-1-1,JL
JL吉林-YB延边-DC-P01-R3,JL-YB-0069,43.4591 ,130.1214 ,2014-1-1,JL
JL吉林-YB延边-DC-P02-R1,JL-YB-0070,43.2404 ,130.0904 ,2014-1-1,JL
JL吉林-YB延边-DC-P02-R2,JL-YB-0071,43.2410 ,130.0918 ,2014-1-1,JL
JL吉林-YB延边-DC-P02-R3,JL-YB-0072,43.2416 ,130.0911 ,2014-1-1,JL
JL吉林-YB延边-DC-P03-R1,JL-YB-0073,43.5084 ,130.6269 ,2014-1-1,JL
JL吉林-YB延边-DC-P03-R2,JL-YB-0074,43.5044 ,130.6278 ,2014-1-1,JL
JL吉林-YB延边-DC-P03-R3,JL-YB-0075,43.5040 ,130.6269 ,2014-1-1,JL
JL吉林-YB延边-DC-P04-R1,JL-YB-0076,43.3449 ,130.2040 ,2014-1-1,JL
JL吉林-YB延边-DC-P04-R2,JL-YB-0077,43.3444 ,130.2039 ,2014-1-1,JL
JL吉林-YB延边-DC-P04-R3,JL-YB-0078,43.3446 ,130.2028 ,2014-1-1,JL
JL吉林-HD桦甸-DC-P01-R1,JL-HD-0079,42.9792 ,127.1535 ,2014-1-1,JL
JL吉林-HD桦甸-DC-P01-R2,JL-HD-0080,42.9797 ,127.1538 ,2014-1-1,JL
JL吉林-HD桦甸-DC-P01-R3,JL-HD-0081,42.9809 ,127.1578 ,2014-1-1,JL
JL吉林-YB延边-DC-P05-R1,JL-YB-0082,43.2838 ,130.1416 ,2014-1-1,JL
JL吉林-YB延边-DC-P05-R2,JL-YB-0083,43.2831 ,130.1405 ,2014-1-1,JL
JL吉林-YB延边-DC-P05-R3,JL-YB-0084,43.2840 ,130.1423 ,2014-1-1,JL
JL吉林-YB延边-DC-P06-R1,JL-YB-0085,43.3453 ,130.5221 ,2014-1-1,JL
JL吉林-YB延边-DC-P06-R2,JL-YB-0086,43.3446 ,130.5233 ,2014-1-1,JL
JL吉林-YB延边-DC-P06-R3,JL-YB-0087,43.3445 ,130.5238 ,2014-1-1,JL
JL吉林-YB延边-DC-P07-R1,JL-YB-0088,43.4678 ,130.7915 ,2014-1-1,JL
JL吉林-YB延边-DC-P07-R2,JL-YB-0089,43.4680 ,130.7927 ,2014-1-1,JL
JL吉林-YB延边-DC-P07-R3,JL-YB-0090,43.4686 ,130.7911 ,2014-1-1,JL
JL吉林-YB延边-DC-P08-R1,JL-YB-0091,43.2376 ,129.8829 ,2014-1-1,JL
JL吉林-YB延边-DC-P08-R2,JL-YB-0092,43.2374 ,129.8818 ,2014-1-1,JL
JL吉林-YB延边-DC-P08-R3,JL-YB-0093,43.2371 ,129.8808 ,2014-1-1,JL
JL吉林-YB延边-DC-P09-R1,JL-YB-0094,43.3130 ,130.3872 ,2014-1-1,JL
JL吉林-YB延边-DC-P09-R2,JL-YB-0095,43.3129 ,130.3868 ,2014-1-1,JL
JL吉林-YB延边-DC-P09-R3,JL-YB-0096,43.3123 ,130.3856 ,2014-1-1,JL
JL吉林-YB延边-DC-P10-R1,JL-YB-0097,43.6649 ,128.5626 ,2014-1-1,JL
JL吉林-YB延边-DC-P10-R2,JL-YB-0098,43.6676 ,128.5686 ,2014-1-1,JL
JL吉林-YB延边-DC-P10-R3,JL-YB-0099,43.6679 ,128.5689 ,2014-1-1,JL
JL吉林-HD桦甸-DC-P02-R1,JL-HD-0100,42.9166 ,127.1320 ,2014-1-1,JL
JL吉林-HD桦甸-DC-P02-R2,JL-HD-0101,42.9014 ,127.1316 ,2014-1-1,JL
JL吉林-HD桦甸-DC-P02-R3,JL-HD-0102,42.9153 ,129.1309 ,2014-1-1,JL
JL吉林-YB延边-DC-P11-R1,JL-YB-0103,43.7076 ,128.7083 ,2014-1-1,JL
JL吉林-YB延边-DC-P11-R2,JL-YB-0104,43.7086 ,128.7086 ,2014-1-1,JL
JL吉林-YB延边-DC-P11-R3,JL-YB-0105,43.7071 ,128.7088 ,2014-1-1,JL
JL吉林-HD桦甸-DC-P03-R1,JL-HD-0106,42.8715 ,127.1248 ,2014-1-1,JL
JL吉林-HD桦甸-DC-P03-R2,JL-HD-0107,42.8724 ,127.1263 ,2014-1-1,JL
JL吉林-HD桦甸-DC-P03-R3,JL-HD-0108,42.8730 ,127.1268 ,2014-1-1,JL
JL吉林-YB延边-DC-P12-R1,JL-YB-0109,42.6308 ,128.0784 ,2014-1-1,JL
JL吉林-YB延边-DC-P12-R2,JL-YB-0110,42.6306 ,128.0787 ,2014-1-1,JL
JL吉林-YB延边-DC-P12-R3,JL-YB-0111,42.6232 ,128.0795 ,2014-1-1,JL
JL吉林-YB延边-DC-P13-R1,JL-YB-0112,42.5099 ,128.0860 ,2014-1-1,JL
JL吉林-YB延边-DC-P13-R2,JL-YB-0113,42.5090 ,128.0851 ,2014-1-1,JL
JL吉林-YB延边-DC-P13-R3,JL-YB-0114,42.5081 ,128.0846 ,2014-1-1,JL
JL吉林-YB延边-DC-P14-R1,JL-YB-0115,42.1357 ,128.2085 ,2014-1-1,JL
JL吉林-YB延边-DC-P14-R2,JL-YB-0116,42.1360 ,128.2089 ,2014-1-1,JL
JL吉林-YB延边-DC-P14-R3,JL-YB-0117,42.1360 ,128.2063 ,2014-1-1,JL
JL吉林-HD桦甸-DC-P04-R1,JL-HD-0118,42.7245 ,127.1909 ,2014-1-1,JL
JL吉林-HD桦甸-DC-P04-R2,JL-HD-0119,42.7244 ,127.1914 ,2014-1-1,JL
JL吉林-HD桦甸-DC-P04-R3,JL-HD-0120,42.7246 ,127.1904 ,2014-1-1,JL
JL吉林-HD桦甸-DC-P05-R1,JL-HD-0121,43.6698 ,128.1860 ,2014-1-1,JL
JL吉林-HD桦甸-DC-P05-R2,JL-HD-0122,43.6697 ,128.1860 ,2014-1-1,JL
JL吉林-HD桦甸-DC-P05-R3,JL-HD-0123,43.6692 ,128.1826 ,2014-1-1,JL
JL吉林-HD桦甸-DC-P06-R1,JL-HD-0124,43.1183 ,127.1573 ,2014-1-1,JL
JL吉林-HD桦甸-DC-P06-R2,JL-HD-0125,43.1168 ,127.1579 ,2014-1-1,JL
JL吉林-HD桦甸-DC-P06-R3,JL-HD-0126,43.1184 ,127.1612 ,2014-1-1,JL
JL吉林-YB延边-DC-P15-R1,JL-YB-0127,43.8234 ,128.1369 ,2014-1-1,JL
JL吉林-YB延边-DC-P15-R2,JL-YB-0128,43.8226 ,128.1359 ,2014-1-1,JL
JL吉林-YB延边-DC-P15-R3,JL-YB-0129,43.8207 ,128.1371 ,2014-1-1,JL
JL吉林-HD桦甸-DC-P07-R1,JL-HD-0130,43.1753 ,127.1264 ,2014-1-1,JL
JL吉林-HD桦甸-DC-P07-R2,JL-HD-0131,43.1764 ,127.1266 ,2014-1-1,JL
JL吉林-HD桦甸-DC-P07-R3,JL-HD-0132,43.1774 ,127.1276 ,2014-1-1,JL
JL吉林-YB延边-DC-P16-R1,JL-YB-0133,42.2233 ,128.3606 ,2014-1-1,JL
JL吉林-YB延边-DC-P16-R2,JL-YB-0134,42.2241 ,128.3586 ,2014-1-1,JL
JL吉林-YB延边-DC-P16-R3,JL-YB-0135,42.2253 ,128.3566 ,2014-1-1,JL
JL吉林-BS白山-DC-P01-R1,JL-BS-0136,42.7251 ,127.0022 ,2014-1-1,JL
JL吉林-BS白山-DC-P01-R2,JL-BS-0137,42.7294 ,127.0168 ,2014-1-1,JL
JL吉林-BS白山-DC-P01-R3,JL-BS-0138,42.7237 ,127.0096 ,2014-1-1,JL
JL吉林-YB延边-DC-P17-R1,JL-YB-0139,43.5764 ,128.0904 ,2014-1-1,JL
JL吉林-YB延边-DC-P17-R2,JL-YB-0140,43.5763 ,128.0910 ,2014-1-1,JL
JL吉林-YB延边-DC-P17-R3,JL-YB-0141,43.5760 ,128.0906 ,2014-1-1,JL
JL吉林-YB延边-DC-P19-R1,JL-YB-0145,42.7469 ,128.2494 ,2014-1-1,JL
JL吉林-YB延边-DC-P19-R2,JL-YB-0146,42.7461 ,128.2493 ,2014-1-1,JL
JL吉林-YB延边-DC-P19-R3,JL-YB-0147,42.7441 ,128.2486 ,2014-1-1,JL
JL吉林-HD桦甸-DC-P08-R1,JL-HD-0148,42.7976 ,127.0214 ,2014-1-1,JL
JL吉林-HD桦甸-DC-P08-R2,JL-HD-0149,42.7962 ,127.0180 ,2014-1-1,JL
JL吉林-HD桦甸-DC-P08-R3,JL-HD-0150,42.7958 ,127.0158 ,2014-1-1,JL
JL吉林-YB延边-FC-P17-R1,JL-YB-0151,43.2091 ,128.5451 ,2014-1-1,JL
JL吉林-YB延边-FC-P17-R2,JL-YB-0152,43.2081 ,128.5451 ,2014-1-1,JL
JL吉林-YB延边-FC-P17-R3,JL-YB-0153,43.2111 ,128.5426 ,2014-1-1,JL
JL吉林-BC白城-DC-P01-R1,JL-BC-0154,44.7545 ,122.9280 ,2014-1-1,JL
JL吉林-BC白城-DC-P01-R2,JL-BC-0155,44.7536 ,122.9167 ,2014-1-1,JL
JL吉林-BC白城-DC-P01-R3,JL-BC-0156,44.7549 ,122.9243 ,2014-1-1,JL
JL吉林-BC白城-DC-P02-R1,JL-BC-0157,44.7843 ,123.0265 ,2014-1-1,JL
JL吉林-BC白城-DC-P02-R2,JL-BC-0158,44.7824 ,123.0258 ,2014-1-1,JL
JL吉林-BC白城-DC-P02-R3,JL-BC-0159,44.7845 ,123.0253 ,2014-1-1,JL
JL吉林-BC白城-DC-P03-R1,JL-BC-0160,45.1062 ,122.5002 ,2014-1-1,JL
JL吉林-BC白城-DC-P03-R2,JL-BC-0161,45.1056 ,122.5011 ,2014-1-1,JL
JL吉林-BC白城-DC-P03-R3,JL-BC-0162,45.1066 ,122.5026 ,2014-1-1,JL
JL吉林-BC白城-DC-P04-R1,JL-BC-0163,45.1293 ,122.4635 ,2014-1-1,JL
JL吉林-BC白城-DC-P04-R2,JL-BC-0164,45.1284 ,122.4636 ,2014-1-1,JL
JL吉林-BC白城-DC-P04-R3,JL-BC-0165,45.1301 ,122.4639 ,2014-1-1,JL
JL吉林-YB延边-DC-P20-R1,JL-YB-0166,42.6699 ,128.8609 ,2014-1-1,JL
JL吉林-YB延边-DC-P20-R2,JL-YB-0167,42.6702 ,128.8592 ,2014-1-1,JL
JL吉林-YB延边-DC-P20-R3,JL-YB-0168,42.6703 ,128.8606 ,2014-1-1,JL
JL吉林-YB延边-DC-P21-R1,JL-YB-0169,42.7719 ,128.7574 ,2014-1-1,JL
JL吉林-YB延边-DC-P21-R2,JL-YB-0170,42.7715 ,128.7588 ,2014-1-1,JL
JL吉林-YB延边-DC-P21-R3,JL-YB-0171,42.7719 ,128.7592 ,2014-1-1,JL
JL吉林-YB延边-DC-P22-R1,JL-YB-0172,42.7180 ,128.7355 ,2014-1-1,JL
JL吉林-YB延边-DC-P22-R2,JL-YB-0173,42.7374 ,128.7359 ,2014-1-1,JL
JL吉林-YB延边-DC-P22-R3,JL-YB-0174,42.7379 ,128.7352 ,2014-1-1,JL
JL吉林-BS白山-DC-P02-R1,JL-BS-0175,41.9105 ,128.0202 ,2014-1-1,JL
JL吉林-BS白山-DC-P02-R2,JL-BS-0176,41.9093 ,127.0206 ,2014-1-1,JL
JL吉林-BS白山-DC-P02-R3,JL-BS-0177,41.9100 ,127.0209 ,2014-1-1,JL
JL吉林-YB延边-DC-P23-R1,JL-YB-0178,42.7809 ,128.8641 ,2014-1-1,JL
JL吉林-YB延边-DC-P23-R2,JL-YB-0179,42.7806 ,128.8654 ,2014-1-1,JL
JL吉林-YB延边-DC-P23-R3,JL-YB-0180,42.7804 ,128.8662 ,2014-1-1,JL
JL吉林-BS白山-DC-P03-R1,JL-BS-0181,42.0122 ,127.2903 ,2014-1-1,JL
JL吉林-BS白山-DC-P03-R2,JL-BS-0182,42.0126 ,127.2905 ,2014-1-1,JL
JL吉林-BS白山-DC-P03-R3,JL-BS-0183,42.0131 ,127.2916 ,2014-1-1,JL
JL吉林-YB延边-DC-P24-R1,JL-YB-0184,42.3509 ,128.7881 ,2014-1-1,JL
JL吉林-YB延边-DC-P24-R2,JL-YB-0185,42.3558 ,128.7848 ,2014-1-1,JL
JL吉林-YB延边-DC-P24-R3,JL-YB-0186,42.3567 ,128.7851 ,2014-1-1,JL
JL吉林-YB延边-DC-P25-R1,JL-YB-0187,43.0623 ,128.7891 ,2014-1-1,JL
JL吉林-YB延边-DC-P25-R2,JL-YB-0188,42.0617 ,128.7889 ,2014-1-1,JL
JL吉林-YB延边-DC-P25-R3,JL-YB-0189,42.0609 ,128.7886 ,2014-1-1,JL
JL吉林-YB延边-DC-P26-R1,JL-YB-0190,42.5062 ,128.9436 ,2014-1-1,JL
JL吉林-YB延边-DC-P26-R2,JL-YB-0191,42.5060 ,128.9432 ,2014-1-1,JL
JL吉林-YB延边-DC-P26-R3,JL-YB-0192,42.5059 ,128.9438 ,2014-1-1,JL
JL吉林-BS白山-DC-P04-R1,JL-BS-0193,42.3546 ,127.7799 ,2014-1-1,JL
JL吉林-BS白山-DC-P04-R2,JL-BS-0194,42.3550 ,127.7870 ,2014-1-1,JL
JL吉林-BS白山-DC-P04-R3,JL-BS-0195,42.3563 ,127.7819 ,2014-1-1,JL
JL吉林-YB延边-DC-P27-R1,JL-YB-0196,42.5781 ,129.6159 ,2014-1-1,JL
JL吉林-YB延边-DC-P27-R2,JL-YB-0197,42.7284 ,129.6161 ,2014-1-1,JL
JL吉林-YB延边-DC-P27-R3,JL-YB-0198,42.7119 ,129.6161 ,2014-1-1,JL
JL吉林-YB延边-DC-P28-R1,JL-YB-0199,42.6756 ,129.5361 ,2014-1-1,JL
JL吉林-YB延边-DC-P28-R2,JL-YB-0200,42.6761 ,129.5353 ,2014-1-1,JL
JL吉林-YB延边-DC-P28-R3,JL-YB-0201,42.6766 ,129.5357 ,2014-1-1,JL
LN辽宁-FX阜新-FC-P01-R1,LN-FX-0001,42.0392 ,121.4562 ,2014-1-1,LN
LN辽宁-FX阜新-FC-P01-R2,LN-FX-0002,42.0535 ,121.4504 ,2014-1-1,LN
LN辽宁-FX阜新-FC-P01-R3,LN-FX-0003,42.0507 ,121.4506 ,2014-1-1,LN
LN辽宁-FX阜新-FC-P02-R1,LN-FX-0004,42.0405 ,121.4548 ,2014-1-1,LN
LN辽宁-FX阜新-FC-P02-R2,LN-FX-0005,42.0406 ,121.4595 ,2014-1-1,LN
LN辽宁-FX阜新-FC-P02-R3,LN-FX-0006,42.0408 ,121.4678 ,2014-1-1,LN
LN辽宁-FX阜新-FC-P03-R1,LN-FX-0007,42.2068 ,122.4907 ,2014-1-1,LN
LN辽宁-FX阜新-FC-P03-R2,LN-FX-0008,42.2055 ,122.4900 ,2014-1-1,LN
LN辽宁-FX阜新-FC-P03-R3,LN-FX-0009,42.2041 ,122.4908 ,2014-1-1,LN
LN辽宁-TL铁岭-FC-P01-R1,LN-TL-0010,42.4939 ,124.7898 ,2014-1-1,LN
LN辽宁-TL铁岭-FC-P01-R2,LN-TL-0011,42.4944 ,124.7923 ,2014-1-1,LN
LN辽宁-TL铁岭-FC-P01-R3,LN-TL-0012,42.4950 ,124.7931 ,2014-1-1,LN
LN辽宁-TL铁岭-FC-P02-R1,LN-TL-0013,42.5000 ,124.7981 ,2014-1-1,LN
LN辽宁-TL铁岭-FC-P02-R2,LN-TL-0014,42.5012 ,124.8018 ,2014-1-1,LN
LN辽宁-TL铁岭-FC-P02-R3,LN-TL-0015,42.4977 ,124.8128 ,2014-1-1,LN
LN辽宁-BX本溪-FC-P01-R1,LN-BX-0016,41.2079 ,124.7139 ,2014-1-1,LN
LN辽宁-BX本溪-FC-P01-R2,LN-BX-0017,41.2103 ,124.7151 ,2014-1-1,LN
LN辽宁-BX本溪-FC-P01-R3,LN-BX-0018,41.2112 ,124.7171 ,2014-1-1,LN
LN辽宁-BX本溪-FC-P02-R1 ,LN-BX-0019,41.4019 ,124.1168 ,2014-1-1,LN
LN辽宁-BX本溪-FC-P02-R2,LN-BX-0020,41.4949 ,124.1198 ,2014-1-1,LN
LN辽宁-BX本溪-FC-P02-R3,LN-BX-0021,41.2103 ,124.7151 ,2014-1-1,LN
LN辽宁-BX本溪-FC-P03-R1 ,LN-BX-0022,41.4460 ,125.4480 ,2014-1-1,LN
LN辽宁-BX本溪-FC-P03-R2,LN-BX-0023,41.1987 ,125.1797 ,2014-1-1,LN
LN辽宁-BX本溪-FC-P03-R3,LN-BX-0024,41.2000 ,125.1810 ,2014-1-1,LN
LN辽宁-BX本溪-FC-P04-R1,LN-BX-0025,41.2944 ,125.3943 ,2014-1-1,LN
LN辽宁-BX本溪-FC-P04-R2,LN-BX-0026,41.2952 ,125.3912 ,2014-1-1,LN
LN辽宁-BX本溪-FC-P04-R3,LN-BX-0027,41.3070 ,125.4198 ,2014-1-1,LN
LN辽宁-FS抚顺-FC-P01-R1,LN-FS-0028,41.6933 ,124.3845 ,2014-1-1,LN
LN辽宁-FS抚顺-FC-P01-R2,LN-FS-0029,41.6875 ,124.3897 ,2014-1-1,LN
LN辽宁-FS抚顺-FC-P01-R3,LN-FS-0030,41.6886 ,124.3875 ,2014-1-1,LN
LN辽宁-FS抚顺-FC-P02-R1,LN-FS-0031,42.1167 ,125.3767 ,2014-1-1,LN
LN辽宁-FS抚顺-FC-P02-R2,LN-FS-0032,42.1247 ,125.3791 ,2014-1-1,LN
LN辽宁-FS抚顺-FC-P02-R3,LN-FS-0033,42.1167 ,125.3767 ,2014-1-1,LN
LN辽宁-FS抚顺-FC-P03-R1,LN-FS-0034,42.2071 ,125.0870 ,2014-1-1,LN
LN辽宁-FS抚顺-FC-P03-R2,LN-FS-0035,42.2000 ,125.1000 ,2014-1-1,LN
LN辽宁-FS抚顺-FC-P03-R3,LN-FS-0036,42.2106 ,125.1058 ,2014-1-1,LN
LN辽宁-FS抚顺-FC-P04-R1,LN-FS-0037,42.1000 ,124.8833 ,2014-1-1,LN
LN辽宁-FS抚顺-FC-P04-R2,LN-FS-0038,42.0167 ,124.9500 ,2014-1-1,LN
LN辽宁-FS抚顺-FC-P04-R3,LN-FS-0039,42.1333 ,125.0167 ,2014-1-1,LN
LN辽宁-FS抚顺-FC-P05-R1,LN-FS-0040,42.0108 ,125.0765 ,2014-1-1,LN
LN辽宁-FS抚顺-FC-P05-R2,LN-FS-0041,42.0233 ,125.0750 ,2014-1-1,LN
LN辽宁-FS抚顺-FC-P05-R3,LN-FS-0042,42.0099 ,125.0389 ,2014-1-1,LN
LN辽宁-FS抚顺-FC-P06-R1,LN-FS-0043,41.6600 ,125.2265 ,2014-1-1,LN
LN辽宁-FS抚顺-FC-P06-R2,LN-FS-0044,41.6625 ,125.2266 ,2014-1-1,LN
LN辽宁-FS抚顺-FC-P06-R3,LN-FS-0045,41.6634 ,125.2244 ,2014-1-1,LN
LN辽宁-FS抚顺-FC-P07-R1,LN-FS-0046,41.6426 ,124.5105 ,2014-1-1,LN
LN辽宁-FS抚顺-FC-P07-R2,LN-FS-0047,41.6401 ,124.4916 ,2014-1-1,LN
LN辽宁-FS抚顺-FC-P07-R3,LN-FS-0048,41.6411 ,124.4931 ,2014-1-1,LN
LN辽宁-FS抚顺-FC-P08-R1,LN-FS-0049,41.8018 ,124.6940 ,2014-1-1,LN
LN辽宁-FS抚顺-FC-P08-R2,LN-FS-0050,41.3017 ,124.6952 ,2014-1-1,LN
LN辽宁-FS抚顺-FC-P08-R3,LN-FS-0051,41.8016 ,124.6964 ,2014-1-1,LN
LN辽宁-FS抚顺-FC-P09-R1,LN-FS-0052,41.5500 ,124.6667 ,2014-1-1,LN
LN辽宁-FS抚顺-FC-P09-R2,LN-FS-0053,41.5617 ,124.6817 ,2014-1-1,LN
LN辽宁-FS抚顺-FC-P09-R3,LN-FS-0054,41.5500 ,124.6667 ,2014-1-1,LN
LN辽宁-CY朝阳-DC-P01-R1,LN-CY-0055,40.7812 ,118.8811 ,2014-1-1,LN
LN辽宁-CY朝阳-DC-P01-R2,LN-CY-0056,40.7869 ,118.8832 ,2014-1-1,LN
LN辽宁-CY朝阳-DC-P01-R3,LN-CY-0057,40.7869 ,118.8825 ,2014-1-1,LN
LN辽宁-CY朝阳-DC-P02-R1,LN-CY-0058,40.7928 ,118.8971 ,2014-1-1,LN
LN辽宁-CY朝阳-DC-P02-R2,LN-CY-0059,40.8290 ,118.8625 ,2014-1-1,LN
LN辽宁-CY朝阳-DC-P02-R3,LN-CY-0060,40.8293 ,118.8638 ,2014-1-1,LN
LN辽宁-CY朝阳-DC-P03-R1,LN-CY-0061,40.8221 ,118.8585 ,2014-1-1,LN
LN辽宁-CY朝阳-DC-P03-R2,LN-CY-0062,40.8294 ,119.0382 ,2014-1-1,LN
LN辽宁-CY朝阳-DC-P03-R3,LN-CY-0063,40.8362 ,119.0532 ,2014-1-1,LN
LN辽宁-CY朝阳-DC-P04-R1,LN-CY-0064,40.8361 ,119.0566 ,2014-1-1,LN
LN辽宁-CY朝阳-DC-P05-R1,LN-CY-0065,41.8190 ,119.5594 ,2014-1-1,LN
LN辽宁-CY朝阳-DC-P05-R2,LN-CY-0066,41.8157 ,119.5568 ,2014-1-1,LN
LN辽宁-CY朝阳-DC-P05-R3,LN-CY-0067,41.8196 ,119.5558 ,2014-1-1,LN
LN辽宁-CY朝阳-DC-P06-R1,LN-CY-0068,41.3858 ,120.0763 ,2014-1-1,LN
LN辽宁-CY朝阳-DC-P06-R2,LN-CY-0069,41.3879 ,120.0781 ,2014-1-1,LN
LN辽宁-CY朝阳-DC-P06-R3,LN-CY-0070,41.3813 ,120.0790 ,2014-1-1,LN
LN辽宁-CY朝阳-DC-P07-R1,LN-CY-0071,41.4597 ,120.6025 ,2014-1-1,LN
LN辽宁-CY朝阳-DC-P07-R2,LN-CY-0072,41.4937 ,120.4964 ,2014-1-1,LN
LN辽宁-CY朝阳-DC-P07-R3,LN-CY-0073,41.4936 ,120.4959 ,2014-1-1,LN
LN辽宁-CY朝阳-DC-P08-R1,LN-CY-0074,41.8909 ,121.0721 ,2014-1-1,LN
LN辽宁-CY朝阳-DC-P08-R2,LN-CY-0075,41.8921 ,121.0708 ,2014-1-1,LN
LN辽宁-CY朝阳-DC-P08-R3,LN-CY-0076,41.8928 ,121.0689 ,2014-1-1,LN
LN辽宁-CY朝阳-DC-P09-R1,LN-CY-0077,41.8809 ,120.9212 ,2014-1-1,LN
LN辽宁-CY朝阳-DC-P09-R2,LN-CY-0078,41.8828 ,120.9209 ,2014-1-1,LN
LN辽宁-CY朝阳-DC-P09-R3,LN-CY-0079,41.7424 ,121.2126 ,2014-1-1,LN
LN辽宁-JZ锦州-DC-P01-R1,LN-JZ-0080,41.6562 ,121.1820 ,2014-1-1,LN
LN辽宁-JZ锦州-DC-P01-R2,LN-JZ-0081,41.6572 ,121.1822 ,2014-1-1,LN
LN辽宁-JZ锦州-DC-P01-R3,LN-JZ-0082,41.6548 ,121.1824 ,2014-1-1,LN
LN辽宁-FX阜新-DC-P01-R1,LN-FX-0083,42.2009 ,122.0635 ,2014-1-1,LN
LN辽宁-FX阜新-DC-P01-R2,LN-FX-0084,42.2004 ,122.0648 ,2014-1-1,LN
LN辽宁-FX阜新-DC-P01-R3,LN-FX-0085,42.1987 ,122.0603 ,2014-1-1,LN
LN辽宁-FX阜新-DC-P02-R1,LN-FX-0086,42.8257 ,122.4868 ,2014-1-1,LN
LN辽宁-FX阜新-DC-P02-R2,LN-FX-0087,42.8268 ,122.4883 ,2014-1-1,LN
LN辽宁-FX阜新-DC-P02-R3,LN-FX-0088,42.8259 ,122.5014 ,2014-1-1,LN
LN辽宁-FX阜新-DC-P03-R1,LN-FX-0089,42.3699 ,122.4895 ,2014-1-1,LN
LN辽宁-FX阜新-DC-P03-R2,LN-FX-0090,42.3692 ,122.4919 ,2014-1-1,LN
LN辽宁-FX阜新-DC-P03-R3,LN-FX-0091,42.4146 ,122.4908 ,2014-1-1,LN
LN辽宁-FX阜新-DC-P04-R1,LN-FX-0092,42.4040 ,122.4623 ,2014-1-1,LN
LN辽宁-FX阜新-DC-P04-R2,LN-FX-0093,42.4096 ,122.4639 ,2014-1-1,LN
LN辽宁-FX阜新-DC-P04-R3,LN-FX-0094,42.3853 ,122.4770 ,2014-1-1,LN
LN辽宁-FX阜新-DC-P05-R1,LN-FX-0095,42.3707 ,122.4721 ,2014-1-1,LN
LN辽宁-FX阜新-DC-P05-R2,LN-FX-0096,42.3713 ,122.4706 ,2014-1-1,LN
LN辽宁-FX阜新-DC-P05-R3,LN-FX-0097,42.3499 ,122.5178 ,2014-1-1,LN
LN辽宁-FX阜新-DC-P06-R1,LN-FX-0098,42.3787 ,122.4763 ,2014-1-1,LN
LN辽宁-FX阜新-DC-P06-R2,LN-FX-0099,42.3716 ,122.4885 ,2014-1-1,LN
LN辽宁-FX阜新-DC-P06-R3,LN-FX-0100,42.3527 ,122.5167 ,2014-1-1,LN
LN辽宁-TL铁岭-DC-P01-R1,LN-TL-0101,42.4959 ,125.0772 ,2014-1-1,LN
LN辽宁-TL铁岭-DC-P01-R2,LN-TL-0102,42.4956 ,125.0765 ,2014-1-1,LN
LN辽宁-TL铁岭-DC-P01-R3,LN-TL-0103,42.5270 ,125.0399 ,2014-1-1,LN
LN辽宁-TL铁岭-DC-P02-R1,LN-TL-0104,42.5321 ,125.0171 ,2014-1-1,LN
LN辽宁-TL铁岭-DC-P02-R2,LN-TL-0105,42.5167 ,125.0140 ,2014-1-1,LN
LN辽宁-SY沈阳-DC-P01-R1,LN-SY-0107,41.8834 ,122.7720 ,2014-1-1,LN
LN辽宁-SY沈阳-DC-P01-R2,LN-SY-0108,41.8880 ,122.7766 ,2014-1-1,LN
LN辽宁-SY沈阳-DC-P01-R3,LN-SY-0109,41.8782 ,122.7717 ,2014-1-1,LN
LN辽宁-AS鞍山-DC-P01-R1,LN-AS-0110,40.0867 ,123.0397 ,2014-1-1,LN
LN辽宁-AS鞍山-DC-P01-R2,LN-AS-0111,40.0939 ,123.0625 ,2014-1-1,LN
LN辽宁-AS鞍山-DC-P01-R3,LN-AS-0112,40.0737 ,123.0750 ,2014-1-1,LN
LN辽宁-BX本溪-DC-P01-R1,LN-BX-0113,41.2445 ,124.1009 ,2014-1-1,LN
LN辽宁-BX本溪-DC-P01-R2,LN-BX-0114,41.2410 ,124.0993 ,2014-1-1,LN
LN辽宁-BX本溪-DC-P01-R3,LN-BX-0115,41.2394 ,124.1003 ,2014-1-1,LN
LN辽宁-BX本溪-DC-P02-R1,LN-BX-0116,41.2244 ,124.2042 ,2014-1-1,LN
LN辽宁-BX本溪-DC-P02-R2,LN-BX-0117,41.1459 ,124.1433 ,2014-1-1,LN
LN辽宁-BX本溪-DC-P02-R3,LN-BX-0118,41.2284 ,124.1394 ,2014-1-1,LN
LN辽宁-BX本溪-DC-P03-R1,LN-BX-0119,40.8648 ,123.6562 ,2014-1-1,LN
LN辽宁-BX本溪-DC-P03-R2,LN-BX-0120,40.8667 ,123.6630 ,2014-1-1,LN
LN辽宁-BX本溪-DC-P03-R3,LN-BX-0121,40.8691 ,123.6627 ,2014-1-1,LN
LN辽宁-BX本溪-DC-P04-R1,LN-BX-0122,41.0340 ,123.7117 ,2014-1-1,LN
LN辽宁-BX本溪-DC-P04-R2,LN-BX-0123,40.9679 ,123.7694 ,2014-1-1,LN
LN辽宁-BX本溪-DC-P04-R3,LN-BX-0124,40.9683 ,123.7697 ,2014-1-1,LN
LN辽宁-BX本溪-DC-P05-R1,LN-BX-0125,40.8554 ,123.8916 ,2014-1-1,LN
LN辽宁-BX本溪-DC-P05-R2,LN-BX-0126,40.8586 ,123.9070 ,2014-1-1,LN
LN辽宁-BX本溪-DC-P05-R3,LN-BX-0127,40.8559 ,123.9054 ,2014-1-1,LN
LN辽宁-BX本溪-DC-P06-R1,LN-BX-0128,41.2893 ,125.2901 ,2014-1-1,LN
LN辽宁-BX本溪-DC-P06-R2,LN-BX-0129,41.2881 ,125.2981 ,2014-1-1,LN
LN辽宁-BX本溪-DC-P06-R3,LN-BX-0130,41.2855 ,125.3056 ,2014-1-1,LN
LN辽宁-BX本溪-DC-P07-R1,LN-BX-0131,41.4500 ,125.4783 ,2014-1-1,LN
LN辽宁-BX本溪-DC-P07-R2,LN-BX-0132,41.4484 ,125.4485 ,2014-1-1,LN
LN辽宁-BX本溪-DC-P07-R3,LN-BX-0133,41.4667 ,125.4405 ,2014-1-1,LN
LN辽宁-DD丹东-DC-P01-R1,LN-DD-0134,40.9000 ,124.8667 ,2014-1-1,LN
LN辽宁-DD丹东-DC-P01-R2,LN-DD-0135,40.9000 ,124.8333 ,2014-1-1,LN
LN辽宁-DD丹东-DC-P01-R3,LN-DD-0136,40.9167 ,124.8167 ,2014-1-1,LN
LN辽宁-DD丹东-DC-P02-R1,LN-DD-0137,41.0662 ,124.6292 ,2014-1-1,LN
LN辽宁-DD丹东-DC-P02-R2,LN-DD-0138,41.0647 ,124.6279 ,2014-1-1,LN
LN辽宁-DD丹东-DC-P02-R3,LN-DD-0139,41.0539 ,124.6367 ,2014-1-1,LN
LN辽宁-DD丹东-DC-P03-R1,LN-DD-0140,40.8265 ,123.7846 ,2014-1-1,LN
LN辽宁-DD丹东-DC-P03-R2,LN-DD-0141,40.8279 ,123.7832 ,2014-1-1,LN
LN辽宁-DD丹东-DC-P03-R3,LN-DD-0142,40.8281 ,123.7818 ,2014-1-1,LN
LN辽宁-DD丹东-DC-P04-R1,LN-DD-0143,41.0093 ,124.4777 ,2014-1-1,LN
LN辽宁-DD丹东-DC-P04-R2,LN-DD-0144,40.9648 ,124.4741 ,2014-1-1,LN
LN辽宁-DD丹东-DC-P04-R3,LN-DD-0145,40.9641 ,124.4732 ,2014-1-1,LN
LN辽宁-DL大连-DC-P01-R1,LN-DL-0146,39.8066 ,121.6524 ,2014-1-1,LN
LN辽宁-DL大连-DC-P01-R2,LN-DL-0147,39.8074 ,121.6511 ,2014-1-1,LN
LN辽宁-DL大连-DC-P01-R3,LN-DL-0148,39.8075 ,121.6511 ,2014-1-1,LN
LN辽宁-DL大连-DC-P02-R1,LN-DL-0149,39.5848 ,122.4113 ,2014-1-1,LN
LN辽宁-DL大连-DC-P02-R2,LN-DL-0150,39.5854 ,122.4112 ,2014-1-1,LN
LN辽宁-DL大连-DC-P02-R3,LN-DL-0151,39.5848 ,122.4071 ,2014-1-1,LN
LN辽宁-DL大连-DC-P03-R1,LN-DL-0152,39.6171 ,122.3171 ,2014-1-1,LN
LN辽宁-DL大连-DC-P03-R2,LN-DL-0153,39.6207 ,122.3160 ,2014-1-1,LN
LN辽宁-DL大连-DC-P03-R3,LN-DL-0154,39.6225 ,122.3157 ,2014-1-1,LN
LN辽宁-DL大连-DC-P04-R1,LN-DL-0155,39.9909 ,122.8323 ,2014-1-1,LN
LN辽宁-DL大连-DC-P04-R2,LN-DL-0156,39.9915 ,122.8322 ,2014-1-1,LN
LN辽宁-DL大连-DC-P04-R3,LN-DL-0157,39.9909 ,122.8334 ,2014-1-1,LN
LN辽宁-DL大连-DC-P05-R1,LN-DL-0158,39.9585 ,122.7890 ,2014-1-1,LN
LN辽宁-DL大连-DC-P05-R2,LN-DL-0159,39.9575 ,122.7881 ,2014-1-1,LN
LN辽宁-DL大连-DC-P05-R3,LN-DL-0160,39.9567 ,122.7907 ,2014-1-1,LN
LN辽宁-DL大连-DC-P06-R1,LN-DL-0161,39.9960 ,122.9954 ,2014-1-1,LN
LN辽宁-DL大连-DC-P06-R2,LN-DL-0162,39.9962 ,122.9959 ,2014-1-1,LN
LN辽宁-DL大连-DC-P06-R3,LN-DL-0163,39.9968 ,122.9957 ,2014-1-1,LN
LN辽宁-FS抚顺-DC-P01-R01,LN-FS-0164,42.0378 ,125.2790 ,2014-1-1,LN
LN辽宁-FS抚顺-DC-P01-R02,LN-FS-0165,42.0386 ,125.2784 ,2014-1-1,LN
LN辽宁-FS抚顺-DC-P01-R03,LN-FS-0166,42.0437 ,125.2750 ,2014-1-1,LN
LN辽宁-FS抚顺-DC-P02-R01,LN-FS-0167,41.6263 ,125.4101 ,2014-1-1,LN
LN辽宁-FS抚顺-DC-P02-R02,LN-FS-0168,41.6267 ,125.4104 ,2014-1-1,LN
LN辽宁-FS抚顺-DC-P02-R03,LN-FS-0169,41.6267 ,125.4167 ,2014-1-1,LN
LN辽宁-FS抚顺-DC-P03-R01,LN-FS-0170,41.5525 ,125.2698 ,2014-1-1,LN
LN辽宁-FS抚顺-DC-P03-R02,LN-FS-0171,42.5523 ,125.2725 ,2014-1-1,LN
LN辽宁-FS抚顺-DC-P03-R03,LN-FS-0172,41.5517 ,125.2700 ,2014-1-1,LN
